EXHIBITOR,BREWERY,BEER NAME,Tasting Notes,ABV ,STYLE,,,,,,,,,,,,,,,,,,,
Altitude Brewing,Altitude Brewing,Good Times,"One of our core values here at Altitude is having a good time. Some days are naturally gonna be better than others, and some don't go as planned, but as they say, you can turn lemons into lemonade. When it's time to pass up a beer, we respect that. But it never means you shouldn't be having a good time as good times are all the time with us. This extra pale ale is crafted with all the best qualities of a full-flavoured brew but without the booze.",0.5,Non-Alc XPA,,,,,,,,,,,,,,,,,,,
Altitude Brewing,Altitude Brewing,"Jam Sessions Vol. 3: Boysenberry, Blackberry & Raspberry (Nitro)","Reissued. Welcome back to the third jam session in our ongoing series, featuring a trio of wicked berries. This session started with a creamy kettle-soured base that's been fermented really clean. Then we kept hitting it layers of hand-selected fruits until we reached the pitch-perfect harmony of tart, sweet, creamy and refreshing. Store chilled for the freshest performance.",5.2,Pastry Sour,,,,,,,,,,,,,,,,,,,
Altitude Brewing,Altitude Brewing,Happy Place,"This is the quintessential brewer's beer. A classic style that is uncomplicated and easy to drink, but the exact opposite when it comes to the brewing. Endless careful practice, recipe crafting and flawless production technique are all that is needed to produce a full-flavoured and well-balanced Helles. Something that would make a proud Bavarian as happy to drink it as we are happy making it. ",5.2,Helles Lager,,,,,,,,,,,,,,,,,,,
Altitude Brewing,Altitude Brewing,Hang Time (Rocky Ridge Collab),"After making one delicious beer with our mates over in WA, the thirsty world demanded another. This time they came to us for a brew day, and we have created another classic for those demanding dry mouths. Hang time is a punchy, full-bodied hazy using the goodness of 2 hops we have never used before in NZ 101 and Alora. This NZ/US combo delivers passion and stone fruit to the moon that is backed up with tingly yuzu and lime zest and some sweet melon smooches.",6.5,Hazy IPA,,,,,,,,,,,,,,,,,,,
Altitude Brewing,Altitude Brewing,You Can Call Me Al (Aliment Collab),"Hi, my name is Al. I am the very special progeny of a collaboration between breweries Altitude and Aliment. I would like to tell you a bit about myself. I am beautiful dark bronze, fresh espresso colour with a soft tan foam on top. First impressions aside, you should smell my delicious top notes of baked rye sourdough, toasted caramel nuts, sticky toffee pudding and hints of dried fruits. If this doesn't make you love me, then I taste just as good. An Initial rich toasted fruit bread flavour is superseded by a little chocolate note, with a full yet very clean mouthfeel from my lager fermentation.",6.7,Doppelbock,,,,,,,,,,,,,,,,,,,
Altitude Brewing,Altitude Brewing,Jazz Hands,"Brewed for the 2026 WC IPA challenge, this year's entry is Jazz hands; The iconic, inspirational, and awesome time-honoured move that's synonymous with the stage. Don't let it be your Mr Cellophane and pass you by at this year's challenge or any other event. Pungent aromas of fresh sticky buds, key lime pie and blackberry crumble layer up into a hop-saturated mouthfeel that jazz's hard. Dry and refined, the bitterness hits early, right with the saturation of flavour and ends the performance perfectly in the West Coast (end) stage, wanting an encore.",6.8,West Coast IPA,,,,,,,,,,,,,,,,,,,
Altitude Brewing,Altitude Brewing,Alta Fresca: Strawberry & Lime,"Queenstown's hottest summer beverage is back.  This insanely popular concoction is summer in a glass: a fresh and zesty sparkling white sangria with a beautiful pink blush that's poured over ice. 2026 edition brings a classic combo of strawberry and lime to the sangria table. Juicy spring strawberry aromas meld with fresh grape and a light, dry spritzy mouthfeel, with a fresh citrus edge that quenches all thirsts. ",7.5,White Sparkling Sangria,,,,,,,,,,,,,,,,,,,
Altitude Brewing,Altitude Brewing,Rerrero Frocher Choc Hazelnut (Nitro),"When you unwrap this box of chocolates, you know exactly what you're gonna get. Brewed to capture the unmistakable indulgence of a chocolate hazelnut truffle, this indulgent beer pours deep black with notes of Nutella, roasted hazelnuts, Belgian chocolate and espresso. Full-bodied and velvety with a lingering milk chocolate sweetness that is balanced by an easy and mild roasted bitterness.",10,Pastry Stout,,,,,,,,,,,,,,,,,,,
Altitude Brewing,Altitude Brewing,Yodeling School German Chocolate Torte (Nitro),"A decadent pastry stout inspired by the classic German chocolate cake, pouring deep obsidian with a creamy mocha head. Rich aromas of dark chocolate brownie, toasted coconut and fresh roast coffee rise from the glass. The palate layers velvety cocoa, caramelised sugar, creamy coconut and subtle vanilla frosting. All this indulgence is balanced by a subtle earthy bitterness and a touch of roast. Full-bodied and dessert-like without becoming cloying, it finishes clean enough to enjoy another bite.",10,Pastry Stout,,,,,,,,,,,,,,,,,,,
BEERS by Bacon Bros,BEERS by Bacon Bros,Napoleon Bona Beer,,2.5,Bright IPA,,,,,,,,,,,,,,,,,,,
BEERS by Bacon Bros,BEERS by Bacon Bros,Soundcheck 12,,3.5,XPA,,,,,,,,,,,,,,,,,,,
BEERS by Bacon Bros,BEERS by Bacon Bros,Marcey Van Beer,,4.2,Blood Orange Sour,,,,,,,,,,,,,,,,,,,
BEERS by Bacon Bros,BEERS by Bacon Bros,Earl of Lemonade,,4.2,Hard Lemonade,,,,,,,,,,,,,,,,,,,
BEERS by Bacon Bros,BEERS by Bacon Bros,Fin the beer Main character energy,,4.2,Lager,,,,,,,,,,,,,,,,,,,
BEERS by Bacon Bros,BEERS by Bacon Bros,Flamin Princess,,4.5,Coffee Lager,,,,,,,,,,,,,,,,,,,
BEERS by Bacon Bros,BEERS by Bacon Bros,Wild Berry Princess,,4.5,Wild Berry Cider,,,,,,,,,,,,,,,,,,,
BEERS by Bacon Bros,BEERS by Bacon Bros,Ghost Princess,,4.5,Rhubarb Cider,,,,,,,,,,,,,,,,,,,
BEERS by Bacon Bros,BEERS by Bacon Bros,Strudal Princess Girls,,4.5,Berry Cider,,,,,,,,,,,,,,,,,,,
BEERS by Bacon Bros,BEERS by Bacon Bros,Muscle Princess,,4.5,Apple Cider,,,,,,,,,,,,,,,,,,,
BEERS by Bacon Bros,BEERS by Bacon Bros,Raggedy Princess,,4.5,Ginger Beer,,,,,,,,,,,,,,,,,,,
BEERS by Bacon Bros,BEERS by Bacon Bros,Slime Princess,,4.5,Hazy Pale Ale,,,,,,,,,,,,,,,,,,,
BEERS by Bacon Bros,BEERS by Bacon Bros,Dig the Gig,,4.5,Lager,,,,,,,,,,,,,,,,,,,
BEERS by Bacon Bros,BEERS by Bacon Bros,Buff sockburn brown lager,,4.5,Brown Lager,,,,,,,,,,,,,,,,,,,
BEERS by Bacon Bros,BEERS by Bacon Bros,Barbara,,4.5,Rhubarb Cider,,,,,,,,,,,,,,,,,,,
BEERS by Bacon Bros,BEERS by Bacon Bros,Inner Demon,,4.8,Pumpkin Ale,,,,,,,,,,,,,,,,,,,
BEERS by Bacon Bros,BEERS by Bacon Bros,Unicorn Rainbows,,5,Glitter Pilsner,,,,,,,,,,,,,,,,,,,
BEERS by Bacon Bros,BEERS by Bacon Bros,Princess Bubble Beer,,5.6,Bubblegum Hazy,,,,,,,,,,,,,,,,,,,
BEERS by Bacon Bros,BEERS by Bacon Bros,Drama Lager,,5.7,Hopped lager,,,,,,,,,,,,,,,,,,,
BEERS by Bacon Bros,BEERS by Bacon Bros,Frozen Account,,5.8,Raspberry Ice Cream Sour,,,,,,,,,,,,,,,,,,,
BEERS by Bacon Bros,BEERS by Bacon Bros,Trunky Pie,,6,Pumpkin Pie Hazy,,,,,,,,,,,,,,,,,,,
BEERS by Bacon Bros,BEERS by Bacon Bros,Old Mate,,6,Red IPA with Hemp,,,,,,,,,,,,,,,,,,,
BEERS by Bacon Bros,BEERS by Bacon Bros,Jake the Hazy,,6,Lychee Hazy,,,,,,,,,,,,,,,,,,,
BEERS by Bacon Bros,BEERS by Bacon Bros,Lumpy Space Princess,,6,Bright IPA,,,,,,,,,,,,,,,,,,,
BEERS by Bacon Bros,BEERS by Bacon Bros,Emerald Princess,,6,Hemp American Pale Ale,,,,,,,,,,,,,,,,,,,
BEERS by Bacon Bros,BEERS by Bacon Bros,Mr Peanut Butter Jelly Stout,,6.5,Peanut Butter Jelly stout,,,,,,,,,,,,,,,,,,,
BEERS by Bacon Bros,BEERS by Bacon Bros,It's Our Year,,6.5,Coconut hazy ipa,,,,,,,,,,,,,,,,,,,
BEERS by Bacon Bros,BEERS by Bacon Bros,Taxed Man,,6.5,Pumpkin Pie Hazy,,,,,,,,,,,,,,,,,,,
BEERS by Bacon Bros,BEERS by Bacon Bros,Riders on the Storm,,6.5,Hazy IPA,,,,,,,,,,,,,,,,,,,
BEERS by Bacon Bros,BEERS by Bacon Bros,Juicy Pineapple Rocket,,6.5,Hazy IPA,,,,,,,,,,,,,,,,,,,
BEERS by Bacon Bros,BEERS by Bacon Bros,Kitty Cakes,,6.6,Caramel Cake Stout,,,,,,,,,,,,,,,,,,,
BEERS by Bacon Bros,BEERS by Bacon Bros,BMO Beer (Beersmo),,6.8,Hazy IPA,,,,,,,,,,,,,,,,,,,
BEERS by Bacon Bros,BEERS by Bacon Bros,Evil Guy,,8,Double Hazy IPA,,,,,,,,,,,,,,,,,,,
BEERS by Bacon Bros,BEERS by Bacon Bros,Cinnamon Bunz,,8.2,Spiced Imperial Pastry Stout,,,,,,,,,,,,,,,,,,,
BEERS by Bacon Bros,BEERS by Bacon Bros,9-5,,8.2,Spiced Imperial Stout,,,,,,,,,,,,,,,,,,,
BEERS by Bacon Bros ,BEERS by Bacon Bros,Ol Lenny lemonade,,4,Hard Lemonade,,,,,,,,,,,,,,,,,,,
BEERS by Bacon Bros ,BEERS by Bacon Bros,Ol Bluey ginger beer,,4,Ginger beer,,,,,,,,,,,,,,,,,,,
BEERS by Bacon Bros ,BEERS by Bacon Bros,Ken Cider,,4.2,Green Apple Cider,,,,,,,,,,,,,,,,,,,
BEERS by Bacon Bros ,BEERS by Bacon Bros,Barbara Rhubarb cider,,4.2,Rhubarb cider,,,,,,,,,,,,,,,,,,,
BEERS by Bacon Bros ,BEERS by Bacon Bros,Barbara Girls in berry,,4.2,Berry Cider,,,,,,,,,,,,,,,,,,,
BEERS by Bacon Bros ,BEERS by Bacon Bros,Barbara boys in berry,,4.2,Berry Cider,,,,,,,,,,,,,,,,,,,
Behemoth Brewing Company,Behemoth Brewing Company,Responsibly Non-Alcoholic Hazy IPA,"We at Behemoth believe in bigger tasting beers; big on flavour and fun! This is why the majority of our beers have big percentages and big full-body flavours. But we're also not afraid to try something new...

So! We are releasing Responsibly Non-Alcoholic Hazy IPA with all the flavour you want when reaching for a beer at the end of the day! Made with Pale Malt, Vienna Malt, Oats, Wheat and Carahell Malts along with Citra, Mosaic, Galaxy, and Riwaka Hops to give you an incredibly flavourful and refreshing Hazy IPA just without the booze!",0.5,Non-Alc Hazy IPA,,,,,,,,,,,,,,,,,,,
Behemoth Brewing Company,Behemoth Brewing Company,Cool Me Down,"Brewed with our mates at the Black Seeds. It is a hazy loaded with real watermelon from Vietnam, it is one for real watermelon lovers, watermelon in beer form. 
",5,Watermelon Hazy IPA,,,,,,,,,,,,,,,,,,,
Behemoth Brewing Company,Behemoth Brewing Company,Classic Lemon-Lime Margarita,Just like your classic frozen margarita but made with a citrus sour beer base!,5,Frozen Margarita (Beer Base),,,,,,,,,,,,,,,,,,,
Behemoth Brewing Company,Behemoth Brewing Company,Frozen Mango Margarita,Like your favourite frozen margarita but made with a sour mango beer base!,5,Frozen Mango Margarita (Beer Base),,,,,,,,,,,,,,,,,,,
Behemoth Brewing Company,Behemoth Brewing Company,Neighbourino,"Brewed with our mates at Brothers for Auckland Beer Week we used Riwaka, citra and Motueka hop flakes. Along with a little bit of rice in the grain bill to lighten the body and make it that much more drinkable.",5.9,Beer Week Pale Ale,,,,,,,,,,,,,,,,,,,
Behemoth Brewing Company,Behemoth Brewing Company,Party of One,"This hazy is here to showcase brand new American Dolcita hops showcasing vibrant notes of candied peach rings, pineapple, tangerine, and sweet cream.",6,Dolcita Single Hopped Hazy IPA,,,,,,,,,,,,,,,,,,,
Behemoth Brewing Company,Behemoth Brewing Company,Churly's Cantina,Small lager yeast fermented stout with the taste of Agave. The warming taste of Mexico right here at Beervana.,7,Agave Tropical Stout,,,,,,,,,,,,,,,,,,,
Behemoth Brewing Company,Behemoth Brewing Company,Churly's Share,"Churly's has been nice enough to give his share back into this stout which we had agreed on Oak Staves that have held whiskies from around the world. Now you can get the taste of your favourite dram in this smooth, flavourful and maybe far too easy drinking tropical stout. ",7,Whiskey Aged Tropical Stout,,,,,,,,,,,,,,,,,,,
Behemoth Brewing Company,Behemoth Brewing Company,Pallet Wrecker,"Back in 2012 a brewery called Green Flash from San Diego created what may be the hoppiest beer in the world at the time. This is our ode to that beer. 9 ALC/VOL and 250 theoretical IBUs (because your taste buds struggle to register anything over 100 IBU but we wanted to give it a crack). Bitter beers may have fallen out of fashion, but we have loaded this beer with Columbus, Moutere, Centennial, Nelson Sauvin and Cryo Simcoe to give you a full on assault to the senses—so many hops it will weaken even the most sturdy wooden pallet!  ",9,Double IPA,,,,,,,,,,,,,,,,,,,
Big Mountain Mead,Big Mountain Mead,Wild Manuka,A slightly sweet sparkling session mead made from multi-flora mānuka honey fermented with Ruapehu mountain water.,5,Sparkling Honey Mead,,,,,,,,,,,,,,,,,,,
Big Mountain Mead,Big Mountain Mead,Spiced Apple Pie,"The familiar flavours of your favourite apple pie. Crisp apple, cinnamon and a hint of ginger.",5,Sparkling Honey Mead,,,,,,,,,,,,,,,,,,,
Big Mountain Mead,Big Mountain Mead,Cherry Sour,The natural sweetness of New Zealand’s bush honey paired with fresh and sour cherry juice.,5,Sparkling Honey Mead,,,,,,,,,,,,,,,,,,,
Big Mountain Mead,Big Mountain Mead,Ginger Manuka,Subtle hints of honey with a ginger spicy aftertaste. Tastes like the sweet spot between ginger beer and ginger ale.,5,Sparkling Honey Mead,,,,,,,,,,,,,,,,,,,
Big Mountain Mead,Big Mountain Mead,Hopped Apple and Peach Cider,"A crisp, semi-dry co-ferment of apple and peach, dry hopped with Nectaron hops from NZ Hops to deliver tropical and stone fruit aromatics and a clean, refreshing finish.",5,Flavoured Cider,,,,,,,,,,,,,,,,,,,
Brew Moon Brewing Company,Brew Moon Brewing Company,Leithfield Lager,"Cutting through the crap. A clean, refreshing lager to cleanse your palate. ",4,Lager,,,,,,,,,,,,,,,,,,,
Brew Moon Brewing Company,Brew Moon Brewing Company,"Sour Face, Feijoa Sour","A delightfully bright and refreshing sour made with a heap of NZ's favourite winter fruit. There is a small addition of salt and coriander for some complexity (you're welcome beer nerds) , but the feijoa is undoubtedly the star of the show.",4,Sour/ Gose,,,,,,,,,,,,,,,,,,,
Brew Moon Brewing Company,Brew Moon Brewing Company,Paradise Punch,"A tangy, tart rollercoaster of flavour. Fruited with a heap of guava, orange, banana, feijoa, strawberry and a little vanilla. A sour beer, that doesn't taste like beer at all.",4.5,Fruit Punch Sour,,,,,,,,,,,,,,,,,,,
Brew Moon Brewing Company,Brew Moon Brewing Company,Waipara,"Our flagship hazy. Fruity, tropical, smooth and delicious.",5.8,New England IPA (hazy),,,,,,,,,,,,,,,,,,,
Brew Moon Brewing Company,Brew Moon Brewing Company,Tiger's Nest,"A punchy and clean WCIPA, with a big hop dose of Citra, Nelson Sauvin and NZ Cascade. TBC",6.3,West Coast IPA,,,,,,,,,,,,,,,,,,,
Brew Moon Brewing Company,Brew Moon Brewing Company,Fireside,"Our NZ Stout Challenge 2026 entry. A silky, rich stout enhanced with orange slices, vanilla. and a variety of delicious warming spices. Mulled Stout, if you will",6.5,Orange Spiced Stout,,,,,,,,,,,,,,,,,,,
Brothers Beer,Brothers Beer,Hazesteria,"“Hazesteria is what they've called it” said a bearded beer geek. 

The crowd grew. 

“My friend’s friend works with a guy that knows the brewer” said a girl wearing Docs “and he says they used loads of Mosaic and Nectaron in the dry hop!”

A chant began: “Hazy! Hazy! Hazy! HAZY!” 

Super smashable, with notes of mango, stone fruits, lime and citrus. ",4.5,Hazy Pale Ale,,,,,,,,,,,,,,,,,,,
Brothers Beer,Brothers Beer,Peacenik Pilsner,"Relaaax, dude. You're like,  totally here now, y'know? You can just sit back and soak in the vibes, like a happy lil' beer dude.  This bodacious NZ Pils, it's like totally limey and stuff, just super crisp. Like, it's got Motueka, and Riwaka, and those are like, totally my favourite hops, man. It's just, righteous, y'know?",5,NZ PIlsner,,,,,,,,,,,,,,,,,,,
Brothers Beer,Brothers Beer,Acid Test #1: Yuzu & Red Kiwifruit,"Acid Test. A brand new series from Brothers Beer where we play with all things sour and fruity. 

Red and Green Kiwifruit from the Bay of Plenty, Yuzu from Japan, a Berliner Weisse base. We use the wild Lactobacillus that grows naturally on the outside of wheat malt. This gives you more complexity. More funk. More flavour.

Pucker up.",5.5,Fruited Sour,,,,,,,,,,,,,,,,,,,
Brothers Beer,Brothers Beer,Goes To Eleven,"Made for the Smith's NZIPA Challenge, we decided to go full noise this year. Get lost backstage. Crank that baby up to eleven!

Goes to Eleven is chock-full of Amplifire Riwaka, both in cryo hop pellet and Fresh Hop Oil form.  Add some Cryo Sauvin, and some frozen Sauvin and Nectaron Fresh Hop cones for good measure.

Goes to Eleven. (It's one louder, see.)",6.3,NZIPA,,,,,,,,,,,,,,,,,,,
Brothers Beer,Brothers Beer,Dad Bod,"Good News, everyone! Studies show that 78 of women prefer men with dad bods. So, there's no reason to drink those sad, lifeless low-carb fizzy water things, when you could be drinking this bad boy!

Packed with Mosaic & Citra cryo, Nectaron, AND Motueka Hop Flakes, you can dive right into this juicy, full calorie beer, knowing that all the while, you're making yourself more attractive to the fairer sex*.
Life is too short to drink low carb.

*Ladies, don't listen to us. It's just a marketing ploy. You can totally drink this beer. It's, um, slimming? Yeah, that's it. Visibly reduces wrinkles. ",7.1,Hop Flake Hazy IPA,,,,,,,,,,,,,,,,,,,
Brothers Beer,Brothers Beer,Bounty Hunter,"I can bring you in warm, or I can bring you in cold. About 8-10 degrees ideally, in a nice Beervana glass...

It's cold as Hoth out there! Time for a big, hearty stout to warm your cockles. Roasted Barley, Chocolate & Crystal malts, real Vanilla and toasted Coconut.

At 10, it hugs you like a Wookiee. 

This is the way.",10,Imperial Stout - Coconut & Vanilla,,,,,,,,,,,,,,,,,,,
Brothers Beer,Brothers Beer,Nirvana,"Everyone remembers Nirvana: just three fresh-faced young brothers, making innocent, infectious bubblegum pop, with perfect three part harmonies.

Or something like that. Our memories are a bit hazy. Like this Triple IPA. Which is also hazy, but has another perfect three part harmony - Citra Cryo, Mosaic Cryo, and Nectaron giving you tropical fruits, citrus, even a little bit of that bubblegum. 

The hits just keep coming.

Mmm-Hop.

",10,Hazy TIPA,,,,,,,,,,,,,,,,,,,
Brothers Beer,Brothers Beer,The Mighty Quinn,"""Come all without, 
Come all within,
You've not seen nothing like 
The Mighty Quinn""
-Bob Dylan

We don't know what he was drinking  when Dylan penned this song about a charismatic Eskimo (his words. It was a different time) that was going to come and save us all, but it was probably pretty strong stuff. Like this Quintuple, yes Quintuple (!) Hazy IPA:  chock-full of cryo hops - Nelson, Motueka, Mosaic, Citra and Nelson Hop Flakes too. Should have you dancing about like a beatnik in no time.",13.5,Quintuple IPA,,,,,,,,,,,,,,,,,,,
Bruxelles Oamaru,Ninebarnyardowls,NV Blend,"A blend of no less than three vintages of coolshipped, spontaneous, barrel-fermented wild ale, bottled and further conditioned for a minimum of 12 months.",6,Spontaneous Ale,,,,,,,,,,,,,,,,,,,
Bruxelles Oamaru,Wilderness Brewing,Russet,"This Flemish-style Red-Brown Ale is the second iteration of Russet. We brew the same recipe each year and allow it to mature in oak before blending. For this batch, we selected barrels from two different brewing years—2021 and 2023—which had been aged in a mix of ex-Pinot Noir and ex-Pinot Noir Port barrels and inoculated with our house Flanders mixed culture.",6.4,Flanders Red,,,,,,,,,,,,,,,,,,,
Bruxelles Oamaru,Karamu Barrelworks,Cherry Peach ,"Brewed in the traditional Belgian way, this wild ale is made from a grist of 40% raw wheat and 60% malted barley,  using a turbid mash, aged hops, and an extended boil. The wort is then cooled overnight in an open coolship,  allowing wild yeasts and bacteria to inoculate it naturally. After spontaneous fermentation, the beer is matured in  oak barrels for at least one year before being refermented on sour cherries and peaches. It is dry hopped with  Mandarina Bavaria prior to packaging. 
From brew day to packaging, the entire process takes around two years. 
Karamu wild ale is ready to enjoy after approximately four months of bottle or keg conditioning. While delicious when  young, it will continue to evolve and drink beautifully for many years.",6.8,Fruited Wild Ale,,,,,,,,,,,,,,,,,,,
Bruxelles Oamaru,Craftwork Brewery,Siege of Liège,"This is the second batch of Siege of Liège, a Barrel-aged mixed fermentation saison, initially fermented with French saison yeast, pumped into two oak puncheons with Liège sirop (Wallonian syrup made from pear and apple), and Brettanomyces, Pediococcus, and Lactobacillus, for 18 months. Rich and tangy with a slight sweetness, fennel, pear and big oak.",7,BA mixed fermentation saison,,,,,,,,,,,,,,,,,,,
Bruxelles Oamaru,Karamu Barrelworks,Grape Ale: Pinot Gris,"Brewed in the traditional Belgian way, this wild ale is made from a grist of 40% raw wheat and 60% malted barley,  using a turbid mash, aged hops, and an extended boil. The wort is then cooled overnight in an open coolship,  allowing wild yeasts and bacteria to inoculate it naturally. After spontaneous fermentation, the beer is matured in  oak barrels for at least one year before being refermented on Pinot Gris skins. 
From brew day to packaging, the entire process takes around two years. 
Karamu wild ale is ready to enjoy after approximately four months of bottle or keg conditioning. While delicious when  young, it will continue to evolve and drink beautifully for many years. ",8.3,Fruited Wild Ale,,,,,,,,,,,,,,,,,,,
Cassels Brewing Co.,Cassels Brewing Co.,Cassels Light Owl,"While low in alcohol, Light Owl has been brewed to maximise personality.  Chinook hops bring a distinctive pine aroma which is rounded out by the citrus, floral flavours of the Taiheke® hops. The result is a full-bodied, big character Pale Ale despite the low ABV.",2.5,Pale Ale,,,,,,,,,,,,,,,,,,,
Cassels Brewing Co.,Cassels Brewing Co.,Cassels Fogged Up Hazy Pale Ale,"Fogged Up Hazy Pale Ale has been created by our award-winning brewers to deliver a full flavoured yet elegant beer.  Juicy tropical fruit notes combine with punchy hop characteristics to bring you a balanced and refreshing brew that will have you coming back for more! 
",4.7,Hazy Pale Ale,,,,,,,,,,,,,,,,,,,
Cassels Brewing Co.,Cassels Brewing Co.,Cassels Pilsner,"Our Pilsner showcases the very best of New Zealand ingredients. Motueka and Nelson Sauvin hops bring lime and sauvignon grape flavours, alongside subtle juniper berry characters. This is balanced out by the mostly Pilsner malt-base, which provides cracker-like flavours and sweetness, perfectly complementing the crisp, refreshingly bitter finish.
",4.8,Pilsner,,,,,,,,,,,,,,,,,,,
Cassels Brewing Co.,Cassels Brewing Co.,Cassels Milk Stout on Nitro,"The only thing better than a Cassels Milk Stout... A Cassels Nitro Milk Stout! The secret? Nitrogen. Unlike regular carbonation, nitrogen creates tiny bubbles that give this stout its extremely velvety and creamy texture. Each sip is rich, silky and jam packed with flavour – bittersweet chocolate, dried fruits and bold “coffee-and-cream” aromas. Soft roasted-malt bitterness keeps the sweetness in check. An absolute game changer for stout lovers!",5.2,Milk Stout,,,,,,,,,,,,,,,,,,,
Cassels Brewing Co.,Cassels Brewing Co.,Cassels APA,"This delightfully fruity, aromatic beer gets its lead from the abundance of USA hops.  A top fermented ale style, the tropical fruit salad and passion fruit flavours give way to a soft, clean, bitter finish.  A very well-balanced beer.
",5.4,American Pale Ale,,,,,,,,,,,,,,,,,,,
Cassels Brewing Co.,Cassels Brewing Co.,Cassels Nectaron® IPA,"The Nectaron® hop from NZ Hops brings intense tropical fruit aromas to the party.  Hopped at multiple stages through its brewing journey, the toastiness of the NZ Ale Malt and Cassels' House Ale Strain then mellows out all the hoppy goodness and the result is one almighty brew.

",6.1,Clear IPA,,,,,,,,,,,,,,,,,,,
Cassels Brewing Co.,Cassels Brewing Co.,Cassels Red IPA on Nitro,"Our Red IPA is vibrant and copper-coloured, with a rich, tan head. Prominent pine-needle and citrus hop aromas lead to bold ",6.6,Red IPA,,,,,,,,,,,,,,,,,,,
Cassels Brewing Co.,Cassels Brewing Co.,Cassels Triple Cream on Nitro,"Lusciously creamy on the tongue, this imperial strength Milk Stout is stronger and sweeter than its Milk Stout sibling. You can expect the same full-bodied mouth-feel and bittersweet, mocha aromatics but with a hint of spice from the Moutere and Willamette hops.  We've also gone one better this time round and paired this delicious brew with Nitro!  Nitrogen creates tiny bubbles that delivers an even silkier and creamier mouthfeel if you can believe it. 
",9,Imperial Milk Stout,,,,,,,,,,,,,,,,,,,
Choice Bros.,Choice Bros.,Perfect Day,"Clean, crisp and super refreshing. This lager takes its inspiration from the American Lagers that leave you wanting more. A light whirlpool addition of Mosaic adds a hint of hoppiness to an otherwise traditional drop.",3.9,Lager,,,,,,,,,,,,,,,,,,,
Choice Bros.,Choice Bros.,Reet Petite,"We are bringing back an old Choice Bros classic. This is a Red IPA, packed full of ginger that brings in another element to what is already a punchy style. Piney, citrusy and a strong red malt backbone, this beer does it all",6,Red IPA,,,,,,,,,,,,,,,,,,,
Choice Bros.,Choice Bros.,Dreams,Smoothie Sours have taken over the USA by storm. There is a good reason for that. 40 of this beer is pure fruit puree and you can tell. If big fruity flavours are your thing. This is the beer for you,6.5,"Mango, Strawberry and Cream Smoothie Sour",,,,,,,,,,,,,,,,,,,
Choice Bros.,Choice Bros.,Double Space Cowboy,"Space Cowboy is Choice Bros biggest beer. It's known for the passion fruit flavour that is imbued into the Kohia Nelson hops and paired with the classic Mosaic. So we have taken that, doubled the dry hop rate and fermented it with passionfruit to really level this bad boy up.",7,Passionfruit Double Hazy IPA,,,,,,,,,,,,,,,,,,,
Choice Bros.,Choice Bros.,Drop The Game,"The viognier grapes come through as an aroma of apricot, honey and cinnamon. Strong bodied, deep sour flavour with an aromatic wine finish to taste",7.2,Viognier Sour Grape Ale,,,,,,,,,,,,,,,,,,,
Choice Bros.,Choice Bros.,Black Pearl,"We took 50 L of high proof rum and aged it in 4 char oak barrels, after we skinned and zested a lot of limes and aged the skins in the rum. All of this was added to a vibrant and punchy stout with some ginger to create the flavour of a Dark 'n' Stormy",8,Dark 'n' Stormy Tropical Stout,,,,,,,,,,,,,,,,,,,
Crimson Badger Brewing,Crimson Badger Brewing,0% Ginger Bear,"The ideal companion for celebrating life’s moments, all whilst keeping your wits about you and waking up feeling refreshed AF",0,Ginger Beer,,,,,,,,,,,,,,,,,,,
Crimson Badger Brewing,Crimson Badger Brewing,Ginger Bear,The best selling in New Zealand for a hot minute now. Balanced perfectly with sweet and the right amount of spice. Made to refresh!,4,Ginger Beer,,,,,,,,,,,,,,,,,,,
Crimson Badger Brewing,Crimson Badger Brewing,Pineapple Ginger Bear,"New, and launching fresh at Beervana 2026 is our Pineapple Ginger Bear. 4% and fresh off the press! ",4,Ginger Beer,,,,,,,,,,,,,,,,,,,
Crimson Badger Brewing,Station Brewing,Par 4 Pale ALE ,NZ Hopped pale ale from our mates at Station Brewing.,4,Pale Ale,,,,,,,,,,,,,,,,,,,
Crimson Badger Brewing,Station Brewing,Prescription Pils,Hoppy + Fruity. Brewed by our mates at Station Brewing.,5,Pilsner  - Fruity,,,,,,,,,,,,,,,,,,,
Crimson Badger Brewing,Crimson Badger Brewing,Dark & Grizzly,"After a couple of years on the circuit and enough questions about making it  a permanent fixture, we came up with this. Based on the classic dark & stormy but the our Ginger Bear and a dash of rum. Goes well anywhere! ",5.8,Ginger Beer w/Rum,,,,,,,,,,,,,,,,,,,
Crimson Badger Brewing,Crimson Badger Brewing,Mulled Wine,"New recipe for this year. 6% perfection for the cold, fireside or just a good time",6,Fruited wine,,,,,,,,,,,,,,,,,,,
Crimson Badger Brewing,Crimson Badger Brewing,Mulled Ginger Bear,Created by blind luck and pitched to the ski slopes for ski lap rewards. Made since 2017 and still a mountain favourite!,6,Winter spiced Ginger Beer,,,,,,,,,,,,,,,,,,,
Double Vision Brewing,Double Vision Brewing,TinyKen,"Plain and simply put, if you want a beer but are being 'good' for whatever reason, you don't want to be drinking some rubbish hop water.Meet TinyKen. TinyKen is as innocent as the Milkman saying hi to mum; meet your real daddy of Non Alc Hazy IPAs.

Flavours: American Ale, wheat and oats collaborate with Lallemand LoNa yeast to give more body and keep it like a proper beer. Whirlpool Hops balance the malt sweetness with a touch of bitter for that traditional IPA like balance. Big amounts of dry hopping with Mosaic and Freestyle Hop's Hop Kieff smash in flavour and aromas. ",0,NA Hazy IPA,,,,,,,,,,,,,,,,,,,
Double Vision Brewing,Double Vision Brewing,Tiny Terror,"If you have been wanting something BIG on Flavour but small on ABV, meet our NEW Little Hazy Pale Ale from our TINY Series. We started with TINY Mammoth and after developing the recipe a bit we have landed on TINY Terror, a 2.3 Hazy Pale Ale that drinks like...

Flavours: Little ABV doesn't mean little on our hop flavours. We are looking at BIG refreshing notes of mango, tropical fruits and citrus balanced with oats for a bit of body!",2.3,Low Alc Hazy Pale Ale,,,,,,,,,,,,,,,,,,,
Double Vision Brewing,Double Vision Brewing,The Classic,"You wanted an easy-drinking Lager and we are giving you one. Introducing the ‘classic’ beer you've been searching for. Quality meets easy goin’ beer. No more sacrificing your standards.

Flavours: Your standard go-to lager but with the quality ingredients you would expect from DVB! Think crisp, clean, approachable.",4.5,Lager,,,,,,,,,,,,,,,,,,,
Double Vision Brewing,Double Vision Brewing,Smooth Operator,"Smooth Operator Cream Ale is a light 19th-century American style brew designed to keep you coming back for more. Complete with a slight touch of whole bean vanilla and New Zealand’s finest honey. Think creamy, smooth and refreshing with a clean and zesty finish.

Flavours: Flavours	Lager, Pilsner or Pale Ale Drinker? Welcome to your new favourite style. Some get 1950s Cream Soda… ",4.7,Cream Ale,,,,,,,,,,,,,,,,,,,
Double Vision Brewing,Double Vision Brewing,Split the D (Nitro),"Split the D takes the Irish dry stout you know and gives it the treatment it deserves. Drawing on Dagda and his endless cauldron, this is our ever‑flowing well of stout done properly – tight, roasty, and built for repeat pints rather than gimmicks.

Flavours: Ale malt, flaked wheat, roasted barley, patent malt and a smidge of Eclipse Wheat build a roasty‑toasty backbone with smooth coffee and dark chocolate notes. Fuggles and Lallemand Nottingham keep it classic – earthy, clean and dry – with a firm bitterness and crisp finish. On nitro it settles into a dense creamy head over a lean, drinkable body: a modern take on a timeless pint.",4.8,Irish Dry Stout,,,,,,,,,,,,,,,,,,,
Double Vision Brewing,Double Vision Brewing,Mouth Party,"Does what it says on the tin, mate! Everything you like from a hazy: full flavour, juicy, and all of those delicious tropical notes from dry hopping, without too much bitter.
Flavours: Quenching tropical fruits, citrus and lime zest from the US and NZ hops with solid body to match from oats and wheat",5.3,Hazy Pale Ale,,,,,,,,,,,,,,,,,,,
Double Vision Brewing,Double Vision Brewing,Expatriate,"The EXPATRIATE is an American Pale Ale leaving the homeland in exploration of something more. It had no idea it would find New Zealand but the hops were too good to pass up. An alliance of US and NZ hops are sure to enlist your palate for a second round.

Citrus, tropical, floral & pine notes from the hops with a light biscuity malt profile.",5.6,APA,,,,,,,,,,,,,,,,,,,
Double Vision Brewing,Double Vision Brewing,Birthday Suit,"Ten years of Double Vision Brewing, and we are stripping it back to celebrate! For our decade milestone, we wanted a proper birthday drink that encapsulates the DVB essence in one drop: a classic, sessionable NZ Pilsner built to celebrate with. The character on the can might be keeping things completely bare, but this beer is fully dressed in the best hop profile we could muster. Accessible, inclusive, and built for repeat pints as we toast to ten years of pushing the boundaries.

Flavours: New Zealand Pilsner malt and a measure of wheat keeps the mouthfeel delicate yet soft, letting the hops take centre stage. Fermented clean with Froth Vagabond Czech Pilsner lager yeast, this brew takes you on a three-stop hop tour. Local Kohatu brings fresh tropical pineapple, Australian Galaxy exudes lush passionfruit, and USA Krush Cryo delivers a final punch of tropical fruit cocktail, berry and bright citrus—snappy, dry, and maximum moreishness.",5.6,NZ Pilsner,,,,,,,,,,,,,,,,,,,
Double Vision Brewing,Double Vision Brewing,Red Rascal,"A Red Rascal lives in us all, sometimes big, sometimes small. Though sometimes dormant, never extinct. A playful nature canned into a drink. Perfectly balanced with bitter and sweet, your Monday to Sunday delicious treat.

Flavours: Fresh, fruity, Gooseberry and citrus with a gentle Red Malt flavour balance.",6.3,Red Rascal,,,,,,,,,,,,,,,,,,,
Double Vision Brewing,Double Vision Brewing,Jaeger Unleashed ,"Targeting systems upgraded. Armour plating reinforced. Standing on the other flank of our third Pacific Hop instalment is Jaeger - Unleashed. After trading blows through Origins and our Fresh Hop clash, this precision-engineered mech has been completely rebuilt with advanced lupulin weaponry to face down the mutated Kaiju. Running a drier, sharper, and cleaner West Coast profile, this unit is locked, loaded, and ready to strike.

Flavours: A clean, bright base of pilsner malt, wheat malt, and dextrine malt, with a touch of light crystal, keeps the body lean, snappy, and light on its feet. Clean Froth Buddy ale yeast lets the hops fire on all cylinders. Nelson Sauvin and Taiheke are supercharged by a heavy drop of Tropical Fusion Kief, delivering sharp, defined notes of crushed gooseberries, white wine grapes, and zesty grapefruit with a clean, punchy bitterness",6.5,NZ IPA,,,,,,,,,,,,,,,,,,,
Double Vision Brewing,Double Vision Brewing,Kai Juice Unleashed,"The beast has broken its chains. Following the raw power of the Origins first set and the seasonal chaos of the Fresh Hop second drop, Kai Juice - Unleashed arrives as the third evolution of our jungle giant. We have taken our wild, nature-powered hazy and mutated it with high-spec hop tech - packing it with concentrated kief and enriched hops to go head-to-head with its metal rival, Jaeger. It is soft, thick, and fully unleashed.

Flavours: A high-protein grist of pilsner base malt, wheat malt, and flaked oats builds a silky, pillowy body with a rock-solid stable haze. White Labs WLP008 yeast cradles a heavy payload of Galaxy, Nectaron, Riwaka Amplifire, and Riwaka Kief. Expect a massive, saturated punch of sweet peach, pineapple, and passionfruit, backed by a heavy wave of dank tropical citrus and fresh-squeezed lime oil.",6.5,NZ Hazy,,,,,,,,,,,,,,,,,,,
Double Vision Brewing,Double Vision Brewing,Dreamsicle,"Don't let the sweet smile fool ya – Dreamsicle's got a bite! This Tropical Orange Creamsicle Smoothie Sour takes that classic orange and vanilla ice cream flavour, then gives it a monstrous twist with a tropical kick. It’s smooth, sweet, and dangerously drinkable, just how we like to nudge those recipe boundaries.

Flavours: Expect a luscious, creamy body from milk sugars and coconut, backed up by a pillowy mouthfeel from wheat and oats. Vibrant orange and guava lead a tropical charge, while banana adds a sweet undercurrent. Smooth vanilla delivers that nostalgic creamsicle hit, but watch out – this flavour combo has a playful, zesty bite that keeps things interesting.",6.6,Tropical Smoothie Sour,,,,,,,,,,,,,,,,,,,
Double Vision Brewing,Double Vision Brewing,I <3 You/I Love You,"In a world where purple dinosaurs sing sweet songs, I Love You reveals a cheekier reality - sometimes love bites back. This pink-purple sour is like a can of cake: you can have your love for your mate and eat them too! It's your ticket to a tropical sunset escape, blending borderline Theropodic Vibes with fruity indulgence that's far too easy to devour. Looks like Barney will be having both cans for himself.

Flavours: Loaded with barley, wheat, and oats for a smooth base, it's piled high with guava puree, raspberry puree, banana puree, and passion fruit puree for vibrant tropical layers. Coconut, vanilla, and milk sugars add creamy sweetness, while beetroot brings vivid pink-purple colour. The result is a plush, smoothie-like body delivering juicy berry, stone fruit, and citrus, finishing tart and refreshing like a sunset sorbet.",6.9,Smoothie Sour ,,,,,,,,,,,,,,,,,,,
Double Vision Brewing,Double Vision Brewing,Merry Monk,"This Belgian Tripel is a bold, scandalously traditional classic that refuses to play it safe, holding onto its secrets tighter than a blowing robe on a windy Wellington day. This monk isn’t going to reveal everything until you get it into your glass to breathe a bit. Dry, effervescent, and stronger than it tastes, it is a decadent, high-gravity, relaxed adventure.

Flavours: A straightforward, 100% European Bestmalz Pilsner malt base is lightened with clear candi sugar to keep the body dry and dangerously drinkable at 9.1% ABV. Fermented with WLP530 Abbey Ale yeast, it delivers a deep, spicy ester profile of cherry, plum and pear, while late additions of bitter dried orange peel bring a bright citrus lift. Mild, delicate Saaz hops linger in the background, providing a soft floral touch and a clean bitterness to balance the sweetness.",9.1,Belgian Tripel,,,,,,,,,,,,,,,,,,,
Double Vision Brewing,Double Vision Brewing,Monarch Unleashed ,"Crowning the trilogy, Monarch - Unleashed descends as the ultimate mediator. After watching Kai Juice and Jaeger clash through Origins and Fresh Hops, this colossal triple hazy has had the safety limiters completely ripped off to enforce supreme order. Wielding a massive arsenal of Superdelic, Mosaic, and Clayton Hops’ Amplifire Motueka, this heavy-gravity overlord is built to overpower every other beer in the fridge.

Flavours: A massive, bold grist of pilsner base malt, wheat malt, flaked wheat, and flaked oats is smoothed out with dextrose sugar and maltodextrin for a thick, velvety body that balanced the 10.2% ABV. White Labs WLP008 yeast carries a saturated hop payload of Superdelic, Mosaic, Amplifire Motueka, and Motueka Kief. Expect a sweet-and-dank explosion of red fruit, candy, tropical mango, and fresh-squeezed mojito lime oil that takes you straight to boss level.",10.2,Hazy Triple IPA,,,,,,,,,,,,,,,,,,,
Double Vision Brewing,Double Vision Brewing,Lost Clause,"Santa may be a Lost Clause, but you're on the nice list if you've got this beer in your vessel. Down here, Christmas lands in summer - so while the big guy’s stuck halfway down a chimney, you can unwrap a sun-season sipper that’s all Christmas cake with no fireplace required.

Flavours: A plush barley-and-wheat base carries rich muscovado molasses, toffee, and dark caramel. Festive spice - cardamom, cinnamon, nutmeg, and ginger - builds gingerbread warmth, while dates and raisins layer dense dried‑fruit notes (fig, plum, sultana). Full‑bodied, smooth, and gently warming, with a long, cake‑like finish.",13.5,Imperial Pastry Stout,,,,,,,,,,,,,,,,,,,
Duncan's Brewing,Duncan's Brewing,Pawpaw After Party,"The After Party has arrived. Bursting with pawpaw, mango, and banana added before and after fermentation, this mega-fruited smoothie sour beer is stacked with tropical goodness and just the right balance of sweet and tangy. Thick, juicy, and ready to keep the party going long after everyone else has gone home.",5,Smoothie Sour,,,,,,,,,,,,,,,,,,,
Duncan's Brewing,Duncan's Brewing,San Isidore,"Back with our spicy sidekicks Apostle. We’ve taken inspiration from the magic of Saint Isidore. Passionfruit & pineapple bring a tropical party, habanero throws the heat, & a hint of mint keeps it fresh, all on top of a smooth corn & barley base. Tangy, vibrant, with just the right kick. Like a blessing with a bit of bite!",5,Fruited Sour,,,,,,,,,,,,,,,,,,,
Duncan's Brewing,Duncan's Brewing,Lemon Meringue,"A slice of nostalgia in a beer glass. This ice cream sour beer is bursting with bright, tangy lemon curd, layered over a buttery, crumbly pie crust, and finished with fluffy clouds of sweet meringue. Tart, creamy, and shamelessly dessert-inspired. Nana would probably ask for a second pour.",5,Ice Cream Sour,,,,,,,,,,,,,,,,,,,
Duncan's Brewing,Duncan's Brewing,Mango Grapefruju,"Sometimes you just need a juicy throwback! To quench that craving, we present Mango Grapefruju. An ice cream sour inspired by the classic treat. Bursting with refreshing mango, grapefruit and lime, and rounded out with a soft touch of vanilla for that creamy, frosty finish. Ooh, ahh. It’s gonna hit yah!",5,Ice Cream Sour,,,,,,,,,,,,,,,,,,,
Duncan's Brewing,Duncan's Brewing,Apricot Brett,"In the 23/24 summer, a harvest of deliciously juicy apricots arrived from the southern reaches of Cromwell. We aged them with two funk brothers named lactobacillus and brettanomyces and the result is perfectly funky, lightly soured, earthy, fruity, and bright. It's a wild ride",5.5,Wild Sour (2024),,,,,,,,,,,,,,,,,,,
Duncan's Brewing,Duncan's Brewing,Raspberry Waffle,"The Duncan’s waffle maker is back at it. A beer packed with tart raspberries, drizzled in rich maple goodness, and finished with a smooth hit of vanilla.",6,Pastry Sour,,,,,,,,,,,,,,,,,,,
Duncan's Brewing,Duncan's Brewing,Boysenberry Peanut Maple Crunch Float,"Warning: May ruin ordinary beers forever.
We've taken our Boysenberry & Apple Crumble Pastry Sour, turned it into a slushie, then floated it on our Maple Peanut Crunch Imperial Pastry Stout. Because self-control is overrated.",8.5,Slushie Float (Pastry Sour + Imperial Pastry Stout),,,,,,,,,,,,,,,,,,,
Duncan's Brewing,Duncan's Brewing,Malbec Brett,"This wild ferment was a Hawkes Bay mission. Broken van, stranded staff, grapes fermenting where they shouldn’t… it nearly broke us. But out of the chaos came something special; a wild sour brimming with funky Brett character, tannish Malbec grapes, and a crisp, clean finish. Proof that hard work (and a little madness) really does pay off.",8.5,"Wild Sour
(2025)",,,,,,,,,,,,,,,,,,,
Emerson's Brewery,Emerson's Brewery,Bookbinder,"A wonderfully drinkable interpretation of a classic English ale. Bookbinder is a blend of four malts combined with two classic Nelson grown European hops (Fuggles and Riwaka).

The beer pours an attractive reddish brown, with a cream coloured head. Bookbinder has a sweet, perfumey, malt and hop aroma with a soft, malty, fruit and vinous palate that is both full flavoured and refreshing with a long, gently drying finish.",3.7,Session Ale,,,,,,,,,,,,,,,,,,,
Emerson's Brewery,Emerson's Brewery,Juicy Apple Cider,"Apples have a symbolic status in many legends, folklores, and traditions. They can represent love, beauty, wisdom, immortality, and temptation — to name but a few. We just reckon they make a deliciously refreshing beverage. And Juicy Apple Cider is certainly that, with the crisp, sweet hit of ripe apples, balanced by a slightly dry finish. Hmmm, maybe they were right about the temptation thing",4.5,Cider,,,,,,,,,,,,,,,,,,,
Emerson's Brewery,Emerson's Brewery,1812,"One of New Zealand’s first new generation pale ales and now something of a classic, Emerson’s 1812 is all about balance. Pouring a bright amber hue beneath a deep cream coloured head, the aroma hints at caramel and dark toffee balanced with a light citrusy fruitiness.
Medium bodied, the palate first offers a
marmalade-like combination of ripe citrus and caramelised malts before resiny hops come to the fore and lead into a lingering dry finish",5,Pale Ale,,,,,,,,,,,,,,,,,,,
Emerson's Brewery,Emerson's Brewery,Pride Of The Plains,"Pride of the Plains. First brewed on 16 May 1995, with Saaz D hops (now known as Riwaka), our 2026 reboot has been inspired by the original single-hop recipe. It has the same bold fruit flavours, and notes of passionfruit and lime. Make the most of it, it might not be around again for another 30 years..",5,Riwaka Pilsner,,,,,,,,,,,,,,,,,,,
Emerson's Brewery,Emerson's Brewery,Phantom Lord Hazy IPA,"It’s unwise to make sweeping generalisations about Phantom Lords. They’re not all sinister and evil. In fact, this one is quite the fun, fruity character. Brewed with a heady combo of Kohatu (NZ), and Mosaic (US) hops, Phantom Lord Hazy IPA is full of complex tropical flavours. Pineapple, lime, and stone fruit, meet mango, citrus and berries. Just watch out, at 6.66, it does still have a bit of devil in it.",5.5,Hazy IPA,,,,,,,,,,,,,,,,,,,
Emerson's Brewery,Emerson's Brewery,Phantom Lord West Coast IPA,"This Phantom Lord’s soul draws its spirit not from the Underworld, but California, USA. As a West Coast IPA, it’s absolutely brimming with Centennial, Simcoe, and Citra hops. We were going to stop adding them, but the devil on our shoulder told us to keep going. And he was right. The result has the classic, bitter bite you want, with big grapefruit, resinous pine, and passionfruit undertones. It’s our loudest Phantom Lord yet –– well, it is American.",5.6,West Coast IPA,,,,,,,,,,,,,,,,,,,
Emerson's Brewery,Emerson's Brewery,Phantom Lord Hopped Stout,"Brewers Guild of New Zealand Trophy Winner for Stouts and Porters 2016

It displays all the classic stout, characteristics. Black as tar, opulent roast and chocolate notes yet hopped in the way we would hop an American Style Pale Ale.

The malt grist is made up primarily of ale, roast barley, chocolate and crystal malts, with rolled oats included to add that smooth mouth feel.

Phantom Lord has been mash hopped, first wort hopped, hopped in the kettle and once boiled, the steaming hot wort has been pumped through fresh, new season hop cones – hop backed!",5.9,Hopped Stout,,,,,,,,,,,,,,,,,,,
Emerson's Brewery,Emerson's Brewery,Overlord,"A bold, malt-forward stout bursting with rich roasted flavors and a punch of Citra and Simcoe hops — the bigger, bolder sibling of Phantom Lord! Ruler of all things dark and hoppy.",8,Imperial Stout,,,,,,,,,,,,,,,,,,,
Garage Project,Garage Project,TINY Larger w/ Lime,,0.5,Mexican Style Lager,,,,,,,,,,,,,,,,,,,
Garage Project,Garage Project,Fugazi,,2.2,Session Ale,,,,,,,,,,,,,,,,,,,
Garage Project,Garage Project,Side Quest,Whisky Barrel Aged Stout - turned into a Soft Serve.,4,Soft Serve,,,,,,,,,,,,,,,,,,,
Garage Project,Garage Project,gg ez,"Good game. Crisp golden NZ pils, crafted to showcase the new Hāpi Research trial hop variety NZ04. Canterbury barley with a light touch of toffee malt bring fresh baked baguette sweetness, balanced with clean bitterness, upfront grapefruit citrus and tropical passionfruit notes. Too ez.",5,"NZ Pilsner , NZ-04",,,,,,,,,,,,,,,,,,,
Garage Project,Garage Project,Our Dankest Daze,"The hopocalypse is upon us. Our Dankest Daze, West Coast IPA, brewed with a killer line-up of Chinook, Centennial, Citra and Nelson Sauvin. A crisp, clean malt base, bursting with bright grapefruit citrus and dripping dank hop resin, all finished off with a delicious bitter bite. You can run, but you can't hide. Brewed in collaboration with PikPok, creators of Into the Dead: Our Darkest Days, as part of our Kiwi Game Studio collab bundle, celebrating creativity and innovation in the New Zealand games industry.",6,West Coast IPA,,,,,,,,,,,,,,,,,,,
Garage Project,Garage Project,Antebeer w/ Vanilla Foam,"Paranormal containment failure detected. Open a portal to a new dimension of flavour. Antebeer, Coconut Ube Smoothie, it’s beer but not as you know it. Strong base blended with purple ube powder, coconut cream, banana, lychee and vanilla for an outrageously colourful, full flavoured paranormal smoothie beer experience that's out of this world. Brewed in collaboration with Deep Field Games, creators of Abiotic Factor, as part of our Kiwi Game Studio collab bundle, celebrating creativity and innovation in the New Zealand games industry.",6,"Coconut Ube & Lychee Smoothie
W/ Vanilla Foam",,,,,,,,,,,,,,,,,,,
Garage Project,Garage Project,Boss Level - Bonus Level w/ Blood Orange,"All your bases are belong to us. Ready player 1 - you’ve unlocked the Bonus Level. It’s a can load of weaponised hop firepower with a wicked citrus twist. Five different US hop varieties, 100 IBU’s and a massive malt grist to match, finished with a powerful blast of distilled Blood Orange extract. Game over man, game over!",8,Blood Orange Ultra IPA,,,,,,,,,,,,,,,,,,,
Garage Project,Garage Project,Last Cast,"The fog’s rolling in. It’s getting late, time for a Last Cast? Unfathomably lush, hazy Oat Cream IIPA, brewed with a boat load of oats and full cream lactose, then double dry hopped with Mosaic, Motueka, Dolcita and Riwaka for an incredibly smooth mouthfeel and huge tropical fruit and citrus flavour. Dive into its hazy depths, but beware what lies within! Brewed in collaboration with Black Salt Games, creators of DREDGE, as part of our Kiwi Game Studio collab bundle, celebrating creativity and innovation in the New Zealand games industry.",8,Reel Hazy Oat Cream IIPA,,,,,,,,,,,,,,,,,,,
Garage Project,Garage Project,Stun Lock,Whiskey barrel aged stout infused with cacao nibs and liquorice root.,14.5,Chocolate Liquorice Stout,,,,,,,,,,,,,,,,,,,
Good George Brewing Co,Good George Brewing Co,Baby Jesus,"Aesthetic: Golden with a tight white foam
Aroma: Tropical and citrus aromas of mango, passionfruit, and lime with hints of stone fruit and grape.
Palate: Crisp and light-bodied with juicy hops balanced by subtle malt and toffee notes
Hops: Krush, Galaxy, Citra, Verdant IPA, Maris Otter Pale Ale, Toffee Malt, Rolled Oats
",2.9,Pale Ale,,,,,,,,,,,,,,,,,,,
Good George Brewing Co,Good George Brewing Co,Old School Alcoholic Peach Wave,"Aesthetic: Hazy, blush-tinted, effervescent shimmer
Aroma: Lush sun-ripened peaches, citrus zest and a hint of floral breeze.
Palate: Juicy, ripe peaches, a gentle tartness carried on fine, lively bubbles that crest into a smooth refreshing finish
",4,Brewed Alcoholic Soda,,,,,,,,,,,,,,,,,,,
Good George Brewing Co,Good George Brewing Co,Chilli Chocolate Stout,"Aesthetic: Pouring jet black with a creamy tan head, this rich stout is all about indulgence
Aroma: Bold notes of chocolate, toasted cacao and subtle roasted malt lead the way
Palate: Smooth and velvety, finishing with a gentle habanero warmth that complements the chocolate
Hops: Pacific Gem",5.2,Stout,,,,,,,,,,,,,,,,,,,
Good George Brewing Co,Good George Brewing Co,Frankton,"Aesthetic: Bright with an straw like golden hue
Aroma: Resinous hoppy with citrus and tropical notes
Palate: A balanced malty base with a strong bitterness and a crisp, clean finish
Hops: Galaxy, Mosaic & Centennial
",5.8,Bright IPA,,,,,,,,,,,,,,,,,,,
Good George Brewing Co,Good George Brewing Co,Fog City,"Aesthetic: Pale gold and hazy. Pillow white foam
Aroma: Peach, nectarine with tropical notes in the background
Palate: Full mouthfeel with citrus tones on palate. Light grainy flavours, low bitterness
Hops: Pacific Jade, Mosaic, Citra & Amarillo
",5.8,Hazy IPA,,,,,,,,,,,,,,,,,,,
Good George Brewing Co,Good George Brewing Co,Haze of Glory,"Aesthetic: Impenetrably hazy and full. Golden in colour with a thick white foam
Aroma: Intensely hoppy, fruity with variety of tropical – passionfruit, mango, pineapple
Palate: Sweet malty flavour with very low bitterness. Like drinking juice
Hops: SuperDelic, Nelson Sauvin, Riwaka & Nectaron
",7,Hazy NZIPA,,,,,,,,,,,,,,,,,,,
Heyday Beer Co.,Heyday Beer Co.,Beer Friends: ESB,,5,ESB,,,,,,,,,,,,,,,,,,,
Heyday Beer Co.,Heyday Beer Co.,Beer Friends: Hoppy Porter,,5,Hoppy Porter,,,,,,,,,,,,,,,,,,,
Heyday Beer Co.,Heyday Beer Co.,Jeremiah Imperial,,6.3,NZ Pils,,,,,,,,,,,,,,,,,,,
Heyday Beer Co.,Heyday Beer Co.,Mr Blue Sky,,6.3,NZIPA,,,,,,,,,,,,,,,,,,,
Heyday Beer Co.,Heyday Beer Co.,Odd Assembly: Quadrupel,,9.9,Quadrupel,,,,,,,,,,,,,,,,,,,
Heyday Beer Co.,Heyday Beer Co.,Odd Assembly: Tripel,,,Tripel,,,,,,,,,,,,,,,,,,,
Heyday Beer Co.,Heyday Beer Co.,Experimental Saison,,,Saison,,,,,,,,,,,,,,,,,,,
Liberty Brewing,Liberty Brewing,Little Liberty,Little in alc but not in flavour.,2.5,Low alc Pale Ale,,,,,,,,,,,,,,,,,,,
Liberty Brewing,Liberty Brewing,Peached Az ,Get one of your 5+ a day here with this moreish peach and vodka blend and taste that NZ peach puree for yourself.,4,Cocktail,,,,,,,,,,,,,,,,,,,
Liberty Brewing,Liberty Brewing,Pivo Pilsner,A glorious Czech style pilsner that reminds you of trips taken long ago.,5,Pilsner,,,,,,,,,,,,,,,,,,,
Liberty Brewing,Liberty Brewing,Divine Wind,"ager, Lager, Lager what more can i say. so clean and refreshing just what you need to cleanse the pallet.",5,Japanese Lager,,,,,,,,,,,,,,,,,,,
Liberty Brewing,Liberty Brewing,Oh Bro ,"Our classic pale ale, sturdy and bold it holds its own in place in our hearts.",5.1,Pale Ale,,,,,,,,,,,,,,,,,,,
Liberty Brewing,Liberty Brewing,Hopsicle,"Hard soda that's actually incredibly gentle, on your waistline as well as the eyes. This unique product has so much going for it you need to try it to believe it.",6,Hard Soda,,,,,,,,,,,,,,,,,,,
Liberty Brewing,Liberty Brewing,Jungle Juice,Juicy fruity and filling to boot! this hazy IPA never disappoints the taste buds.,6.6,Hazy IPA,,,,,,,,,,,,,,,,,,,
Liberty Brewing,Liberty Brewing,Hunched,"Our 2026 entry into the famous Malthouse WCIPA challenge, think massive fruity hops on the nose followed by smooth bitterness.",7,West Coast IPA,,,,,,,,,,,,,,,,,,,
Liberty Brewing,Liberty Brewing,Prohibition Porter 2025,"Not enough words for this delight. Rich smooth and creamy, decadent with a beautiful warming you will want to savour.",13.9,Bourbon barrel aged porter ,,,,,,,,,,,,,,,,,,,
Martinborough Brewery,Martinborough Brewery,Longbush Lager,"Brewed with 100% NZ hops and malt for a truly local take on a German classic. Expect that crisp, classic lager snap, soft floral notes, and a gentle hint of citrus.",4,Munich Helles,,,,,,,,,,,,,,,,,,,
Martinborough Brewery,Martinborough Brewery,MB Ginger Beer,"Zesty and refreshing. Made by us, with real ginger and lemon juice. Semi dry.",4,Ginger Beer,,,,,,,,,,,,,,,,,,,
Martinborough Brewery,Martinborough Brewery,Hinakura Hazy,"Juicy and full bodied NZ hazy pale ale, with big tropical notes of pineapple and passionfruit, peach and ripe citrus. Hops - Nelson Sauvin, Nectaron, Motueka, Superdelic.",4.9,Hazy Pale Ale,,,,,,,,,,,,,,,,,,,
Martinborough Brewery,Martinborough Brewery,MB Brown,"On hand pull.  Aromas of toasted malt, chocolate and caramel, and a hint of spice from the small addition of rye malt. Medium bitter not overly sweet.",5.5,Brown Ale,,,,,,,,,,,,,,,,,,,
Martinborough Brewery,Martinborough Brewery,NITRO Imperial coffee caramel stout,"Get your caramel latte fix — in beer form. This rich and creamy oatmeal stout is conditioned on locally roasted Martinborough Coffee beans, lactose and caramel, delivering smooth roasted coffee flavours with a touch of caramel sweetness. Served on nitro for an extra velvety finish.",5.8,Stout,,,,,,,,,,,,,,,,,,,
Martinborough Brewery,Martinborough Brewery,Juice Experiment #7,"Soft and light malt background from lager, pilsner, oats and chit malts.
Strata and Superdelic Hops bring notes of strawberry, melon and pineapple with a hint of coconut.
",5.9,Hazy IPA,,,,,,,,,,,,,,,,,,,
Mean Doses,Mean Doses,You Must Be This Big To Ride,"You're confused because it's a session double IPA. Nah, you're confused because it's Beervana and a three metre tall fortune teller machine is talking at you. 
This beer is also a magic trick in that it gives full double IPA flavour with just a 4 hit. Amarillo, Ekuanot and Waimea, so it's all citrus and tropical with resin and guava. 
The name reflects our collective childhood memories of fairgrounds etc. You could choose to see it that way and not necessarily as a reference to the 1988 Tom Hanks vehicle.",4,Session Double IPA,,,,,,,,,,,,,,,,,,,
Mean Doses,Mean Doses,I Get To Be On Top,"For God's sake guys you did it you named a beer after the one scene in the movie I was trying to gloss over what the hell is wrong with you why can't you just make a 5 fruited sour and call it ""Mean Fruited Sour"" or some shit I mean it's got guava and passionfruit so call it ""Guava Sour"" or ""Passionfruit Sour"" and there that's done, we got there without retraumatising the punters it's not difficult",5,Fruited Sour,,,,,,,,,,,,,,,,,,,
Mean Doses,Mean Doses,Cavern of the Evil Wizard,"Yep, okay. We're definitely running with that as the name? Nice. I feel like the Tom Hanks theme is distracting us here, but whatever, I used to play Zork and D&D, I'm down with it. 

Ahem: In the cavern of the... evil wizard... the eternal battle between Saaz, Wai-iti and native NZ ""Wilding"" yeasts... uh... begins anew. And hence a great Saison is... um, unleashed. Upon the land.",5.4,Wilding Dry Hopped Saison,,,,,,,,,,,,,,,,,,,
Mean Doses,Mean Doses,Verily,"Verily, the mists of time have parted. 
Verily, the future stands revealed: it's a West Coast Pilsner and yea, it is crisp and refreshing. 
Verily we have used Simcoe, Citra, Ekuanot and Riwaka, so verily it doth taste of citrus, resin and passionfruit, bright and sharp and excellent. 
Verily, we are milking the Big theme a bit too much by this point.",5.7,West Coast Pilsner,,,,,,,,,,,,,,,,,,,
Mean Doses,Mean Doses,BIG,"You remember this one. We made it years ago - a double IPA with Centennial, Simcoe and Sabro. Lots of pine and citrus, deep yet refreshing. 
We often work an 80s retro vibe so we named it after the 1988 Tom Hanks comedy. You know, the one with the dodgy plot in which - never mind. 

Anyway, the beer. I think maybe we were thinking it was a one off but it  turned out really good so we kept making it. And making it, and making it. So here we are, it's Beervana ’26, Big is our centrepiece, and it’s bigger. We have a sick Zoltar machine. We have a whole line-up with names referencing the Tom Hanks movie. And I’m going to come up with tasting notes for every single one.",9.9,Double IPA,,,,,,,,,,,,,,,,,,,
Mean Doses Zoltar,Mean Doses Zoltar,Your Wish Is Granted,"Maybe you didn't know that this is what you wanted. Well no take-backs. Zoltar has searched your soul and determined that instead of world peace or an end to social media disinformation you actually just want a strong hazy with Nelson Sauvin, Motueka and Simcoe. It tastes of grape, lime and tropical fruit. Maybe a little pine too. 

Mistrusting the soul's true desires is a central theme of Andrei Tarkovsky's 1979 film Stalker, a quiet masterpiece of Soviet-era science fiction and a much better film than Big.",7,Hazy IPA,,,,,,,,,,,,,,,,,,,
Mount Brewing,Mount Brewing,Harley's Nitro Irish Stout,"Rich dark chocolate and toffee layered with freshly roasted espresso, finishing smooth, creamy and exceptionally sessionable.",4.2,Irish Stout,,,,,,,,,,,,,,,,,,,
Mount Brewing,Mount Brewing,Highline ,"Juicy tropical fruit and bright citrus with a refreshing hazy finish. Light-bodied, low in carbs and packed with flavour.",4.2,Low Carb Hazy Pale Ale,,,,,,,,,,,,,,,,,,,
Mount Brewing,Mount Brewing,Sea Beast,"Pine, citrus and delicate floral aromas lead into a medium-bodied IPA with bold New Zealand hop character, balanced by a firm, refreshing bitterness.",6,NZ IPA,,,,,,,,,,,,,,,,,,,
Mount Brewing,Mount Brewing,The Trifecta,"White peach, ripe mango and passionfruit, layered with bright citrus, fresh lime zest and a clean grapefruit finish. Crisp, dry and low in bitterness.",6.5,NZIPA,,,,,,,,,,,,,,,,,,,
Mount Brewing,Mount Brewing,Flow State,"Rich cocoa, toasted coconut and fresh raspberry layered over smooth caramel, with a full, silky body and a long, decadent finish.",9,"Dessert Stout w/ Raspberry, Chocolate & Coconut",,,,,,,,,,,,,,,,,,,
Neck of the Woods,Neck of the Woods,P.O.E.T.S,Gold Medal NZ Beer Awards 2026,4.7,Pale Ale,,,,,,,,,,,,,,,,,,,
Neck of the Woods,Neck of the Woods,The Hef,Fresh Hop German Hazy ,5.4,German Wheat Beer,,,,,,,,,,,,,,,,,,,
Neck of the Woods,Neck of the Woods,Blood Moon,"As the Bloodmoon rises, dark chocolate gives way to a slow, smouldering warmth. Layers of rich roasted malt, creamy lactose, and velvety chocolate malt create a smooth, full-
bodied stout, while chipotle adds a smoky heat that lingers long after each sip. This rare fiery Bloodmoon is a decadent stout where sweetness, spice, and smoke eclipse one another in perfect harmony.",5.5,Stout,,,,,,,,,,,,,,,,,,,
Neck of the Woods,Neck of the Woods,RUSTY DINGO,Gold Medal NZ Beer Awards 2026,5.6,Brown Ale,,,,,,,,,,,,,,,,,,,
Neck of the Woods,Neck of the Woods,COBRA KAI,NZIPA People's Choice Winner,5.8,Hazy NZIPA ,,,,,,,,,,,,,,,,,,,
Neck of the Woods,Neck of the Woods,Kinky M.I.L.F,MALTHOUSE WCIPA Challenge winner,6.3,West Coast IPA,,,,,,,,,,,,,,,,,,,
Neck of the Woods,Neck of the Woods,SOUR: ELIXIR,Golden Gooseberry Gose with Vanilla & Tarragon X 3 - Specially brewed for Beervana,,Sour Ale,,,,,,,,,,,,,,,,,,,
Neck of the Woods,Neck of the Woods,Noctis,,,Stout,,,,,,,,,,,,,,,,,,,
New Kids on the Block,Bonnie Day,Dark lager,,4.4,Dark lager,,,,,,,,,,,,,,,,,,,
New Kids on the Block,Bonnie Day,Pilsner,,4.8,Pilsner,,,,,,,,,,,,,,,,,,,
New Kids on the Block,Horseshoe Brewing,Hard Limonade,"Just like an old fashioned lemonade. Sweet and tart with a great taste of lime.
If you want a wee rest from beer this is good option. It's 5 ABV and honestly the words most commonly used to describe it are ""Ooo that's dangerous"".",5,Hard Lemonade,,,,,,,,,,,,,,,,,,,
New Kids on the Block,Bonnie Day,IPL,,5.1,IPL,,,,,,,,,,,,,,,,,,,
New Kids on the Block,Horseshoe Brewing,Raspberry Stout,,5.8,Raspberry Stout,,,,,,,,,,,,,,,,,,,
New Kids on the Block,Horseshoe Brewing,Wairarapa IPA,"The highest praised beer of Beervana 2025 returns! Winner of all four sessions.
Hoppy and malty with a balancing bitterness, it's made for pints. No gimmicks just good tasty beer.",5.9,NZ IPA,,,,,,,,,,,,,,,,,,,
New Kids on the Block,Bonnie Day,Black IPA,,7,Black IPA,,,,,,,,,,,,,,,,,,,
No.8 Distillery,No.8 Distillery,Limoncello Fizz,"Low Alcohol drink - No8 Limoncello, Lemon juice and mixer",2.4,Low Alcohol Cocktail,,,,,,,,,,,,,,,,,,,
No.8 Distillery,No.8 Distillery,Beer Mojito,"No8 Golden Rum, Pilsner, Lime juice, Sugar, Lemonade",5,Beer-based Cocktail,,,,,,,,,,,,,,,,,,,
No.8 Distillery,No.8 Distillery,No8 Gin & Tonic,No8 Horopito (Citrus) or No8 Founders (Classic),6,Cocktail,,,,,,,,,,,,,,,,,,,
No.8 Distillery,No.8 Distillery,Enceladus  Gin & Tonic,Dry Gin - Limited edition,6,Cocktail,,,,,,,,,,,,,,,,,,,
No.8 Distillery,No.8 Distillery,Raspberry Martini,"No8 Vodka, Limoncello, Raspberry pure, Triple Sec, Soda water",7,Cocktail,,,,,,,,,,,,,,,,,,,
No.8 Distillery,No.8 Distillery,Sweet & Sassy,"No8 Gin, Grapefruit Liqueur, Campari, Honey, Lemon Juice, Tonic",7,Cocktail,,,,,,,,,,,,,,,,,,,
No.8 Distillery,No.8 Distillery,White Mocka,"No8 Moka Gin, butterscotch, No8 Cocoa liqueur, coffee, London Porter reduction, Cream",8,Beer-based Cocktail,,,,,,,,,,,,,,,,,,,
No.8 Distillery,No.8 Distillery,Blue Lady,"Gin, Blue curacao, Lemon Juice, Aquafaba, Soda water",9,Cocktail,,,,,,,,,,,,,,,,,,,
No.8 Distillery,No.8 Distillery,No8 Rum Sour,"BaBin  Golden Rum, Tiger Lily Liqueur, Lemon Juice,  Aquafaba",9,Cocktail,,,,,,,,,,,,,,,,,,,
North End Brewing,North End Brewing,Petit Luna,"Just because something is small doesn't mean it won't pack a punch. The little, delicate, dried flowers of the hibiscus plant are a case in point as they lend a pungent, fruity character, and deep pink colour when added to beer. The same can be said of Petit Luna. Hibiscus, kaffir lime, spicy Belgian yeast, and lactic tartness all brew up to a big refreshing blast of flavour fired by a light, low alcohol beer.",2.5,Hibiscus & Lime Sour Ale,,,,,,,,,,,,,,,,,,,
North End Brewing,North End Brewing,Bitter Sea,"Inspired by our ancestors who travelled across the seas to forge a new life in this land we set about brewing a full bodied strong London style bitter. We combined New Zealand Ale Malt, two different crystal malts, a little wheat, tangy English Goldings and Fuggles hops with our fruity English Ale yeast to create a sociable, sessionable taste of the old country.",4.7,Extra Special Bitter,,,,,,,,,,,,,,,,,,,
North End Brewing,North End Brewing,Pilspresso,"North End Salty's Pilspresso In collaboration with Salty's Roastery, we've layered their first-ever roast into this pilsner to bring together the best of both worlds. Coffee was hot side extracted for 10 minutes, followed by a 24 hour cold conditioning stage at 8°c, allowing the coffee aromatics to integrate seamlessly with the crisp pilsner profile. Sweet espresso, subtle toasted grain and a clean crisp finish.",4.8,Coffee Pilsner,,,,,,,,,,,,,,,,,,,
North End Brewing,North End Brewing,Become the Ocean,"For hundreds of years brewers in the German state of Saxony produced tart, salty, spicy wheat beers called Gose. The style was all but extinct when new world craft brewers discovered it and started to brew versions with increasingly off the wall flavourings. We decided to do something revolutionary and brew a Gose using only the traditional ingredients of water, malt, hops, salt, coriander seeds and yeast. Fruity, tart and just a little salty, we think Become the Ocean is the perfect match to a plate of shellfish",5,Gose,,,,,,,,,,,,,,,,,,,
North End Brewing,North End Brewing,Super Alpha,Super Alpha is a hoppy refreshing Pacific Pale Ale that uses the crisp tartness of wheat malt and a blast of fruity New Zealand hops to create a crisp refreshing beer.  Super Alpha takes its name from an unusual variety of New Zealand hop that gives the beer its trademark lemongrass character. The ultimate end to a summer’s day.,5,Pacific Pale Ale,,,,,,,,,,,,,,,,,,,
North End Brewing,North End Brewing,Hill Road,"North End Core Range You'd often catch Basil at the Hill Road lookout, scoping out his next fishing trip. Peering through the mist and glimpsing a hazy horizon - the inspiration for this brew. This tin cracks open with passionfruit and mango, layered with tropical citrus. Smooth and juicy, with a pithy, balanced bitterness.",6,Hazy IPA,,,,,,,,,,,,,,,,,,,
North End Brewing,North End Brewing,Iron Sands,"Inspired by the wild iron-rich beaches of the west coast we devised a smooth warming stout that combines oats, caramelized rye, and chocolate wheat malt with our fruity English yeast strain and some lightly zesty Nelson hops. The result is a stout fit to fortify against wild west coast winter storms and the perfect match to a night beside the fire. Smooth, rich stout. Fruity notes with layers of chocolate and coffee.",6,Oat Rye Stout - Hand Pull,,,,,,,,,,,,,,,,,,,
North End Brewing,North End Brewing,Beach Hoist,"Our American style India Pale Ale started out as a collaboration with a legendary brewer from Oregon in the North West United States. We took the American IPA style and substituted American varieties of hops for New Zealand grown ones. We have tweaked the recipe and made it our own. Piney, grippy and citrus laden.",6.5,American IPA,,,,,,,,,,,,,,,,,,,
One Drop 1,One Drop 1,Join the Dots,"MANGO, RASPBERRY, BLACKCURRANT, VANILLA ICE CREAM & MARSHMALLOW",6,Ice Cream Sour,,,,,,,,,,,,,,,,,,,
One Drop 1,One Drop 1,Echo Chamber,"PEACH, RASPBERRY, GUAVA & BANANA",6.1,Fruited Pulp sour,,,,,,,,,,,,,,,,,,,
One Drop 1,One Drop 1,Aunties Pudding,"STEAMED PUDDING, GOLDEN SYRUP, PINEAPPLE CUSTARD & COCONUT CREAM",6.5,Smoothie Pastry Sour,,,,,,,,,,,,,,,,,,,
One Drop 1,One Drop 1,The Countdown,"10g/L MOTUEKA, PEACHARINE, CITRA + CLEAN FUSION",8,Saturated DDH DIPA,,,,,,,,,,,,,,,,,,,
One Drop 1,One Drop 1,Feel It,"MANGO, BLUEBERRY, ICE CREAM & LEMON",8.2,Cream Smoothie Sour,,,,,,,,,,,,,,,,,,,
One Drop 1,One Drop 1,On The Edge,"STICKY CARAMEL, CHOCOLATE & COCONUT'",9,Imperial Cream Pastry Stout,,,,,,,,,,,,,,,,,,,
One Drop 2,One Drop 2,Wipe Me Down,"BOYSENBERRY, RASPBERRY, VANILLA ICE CREAM, LEMON MERINGUE & MAPLE",6,Cream Smoothie Sour,,,,,,,,,,,,,,,,,,,
One Drop 2,One Drop 2,Ride Or Die,"BANANA, PINEAPPLE, LARAHA ORANGE & COCONUT CREAM",6.7,Cream Smoothie Sour,,,,,,,,,,,,,,,,,,,
One Drop 2,One Drop 2,Just an Illusion,"COLLAB WITH TEENAGE BREWING, JP. NASHI PEAR, PEACH & STRAWBERRY",6.8,Fruited Pulp Sour,,,,,,,,,,,,,,,,,,,
One Drop 2,One Drop 2,Disconnection Notice,"MANGO, PINEAPPLE, PASSIONFRUIT & COCONUT WATER",7.3,Fruited Sour,,,,,,,,,,,,,,,,,,,
One Drop 2,One Drop 2,All Day,"PEANUT BUTTER, NOUGAT, CARAMEL & ICE CREAM",8,Imperial Cream Pastry Stout,,,,,,,,,,,,,,,,,,,
One Drop 2,One Drop 2,Double Take,420G/L BOYSENBERRY JUICE + COCONUT CREAM,10,Imperial Cream Fruited Sour,,,,,,,,,,,,,,,,,,,
Panhead Brewery,Panhead Brewery,Port Road Pilsner,"Light and crisp. Notes of grapefruit, gooseberry and passion fruit rather like the famous NZ Sauvignon blanc. A gentle malt body to balance the hops and a robust, dry bitter finish.",5.2,Pilsner,,,,,,,,,,,,,,,,,,,
Panhead Brewery,Panhead Brewery,DDH Supercharger,"Big, punchy aroma with a heap of grapefruit, stone fruit, tropical & pine. A lot like Supercharger, but hoppier. ",5.7,APA,,,,,,,,,,,,,,,,,,,
Panhead Brewery,Panhead Brewery,Pickup,"Notes of pineapple, papaya, nectarines, citrus and melon. Juicy and soft bodied, with some bitterness in the back end. Using Motueka, Cascade Mosaic & Eclipse hops.",5.9,Hazy IPA,,,,,,,,,,,,,,,,,,,
Panhead Brewery,Panhead Brewery,Hazy Vandal,"Packed full of passionfruit, white-grape, tropical, pine & citrus.This beer combines classic kiwi hop flavour with some more modern, fruit-forward hop expression. Soft & juicy, yet resinous & punchy. ",6.2,NZ IPA,,,,,,,,,,,,,,,,,,,
Panhead Brewery,Panhead Brewery,Six Splitter,"Big, punchy aromas of grapefruit, tropical fruit and pine lead the charge, followed by layers of dankness and sweet fruit. A lean malt base lets the hops shine bright, while a firm bitterness cuts cleanly through the finish.",6.8,WC IPA,,,,,,,,,,,,,,,,,,,
Panhead Brewery,Panhead Brewery,Barrel Aged,"A complex and mix of raisin, coconut, vanilla, chocolate aromas and flavours. Some bourbon booziness, oak tannins and a hint of balsamic acidity add to the impact and complexity of this enticing beer. ",7,Stout with Vanilla,,,,,,,,,,,,,,,,,,,
Panhead Brewery,Panhead Brewery,Double Quickchange,"Bursting with tropical, citrus, passionfruit and white-grape flavour. Fresh, punchy and delicious. Everything you like about Quickchange, but more of it!",7,XXPA,,,,,,,,,,,,,,,,,,,
Pink Boots NZ,Isthmus Brew Co.,Pineapple and Lime Sour,"Tantalise your taste buds with this refreshingly complex kettle soured ale. Brewed with the traditional process, which gives acidity to the beer, the incredible fruit taste comes from the beer being fermented with a crazy amount of fruit juice. We've paired a tart citrus burst of lime juice with the sweet, tangy flesh of pineapples to create a refreshing and fruity ale.",3.8,Sour Ale,,,,,,,,,,,,,,,,,,,
Pink Boots NZ,Good George Distilling x Pink Boots NZ,Boots N Soda,"Combining all that is GOOD! Pink Boots and Good George Distilling Lemon Myrtle, Makrut Lime Leaf and Rosemary gin is paired with a classic soda. Think Citrus Bomb without all the fruit getting in the way.",4,Gin and Soda,,,,,,,,,,,,,,,,,,,
Pink Boots NZ,Colab Brewing,New Squeeze,A nose full of tropical fruit straight out of the gate. This ‘new squeeze’ is not afraid to make itself known. The hazy nature lures you in with intrigue and leaves you with beautiful mouth feel and a palate full of tropical fruit and citrus.,5.5,NEIPA,,,,,,,,,,,,,,,,,,,
Pink Boots NZ,Good George Brewing,Cleveland Lager,"Kicking off a (fingers crossed) winning season for the Cleveland Browns with caramel, chocolate malt notes and a lightly spiced American hop character.",5.5,American Brown Lager,,,,,,,,,,,,,,,,,,,
Pink Boots NZ,Two Fold Brewery,The Goat and the Goose,"Twofold x Pink Boots Collaboration for International Women’s Day. 
Brewed on a bed of NZ-grown German-style pilsner malts and Light Lager, hopped with scrummy Riwaka from Clayton Hops and the latest Pink Boots Blend, flown fresh from the hop press by Yakima Chief. This year’s blend features Ekuanot, Centennial, HBC 638, and Mosaic.
Expect crisp, clean malt backbone with tropical and stone fruit notes, bright citrus, and a touch of resinous pine",6,West Coast Pilsner,,,,,,,,,,,,,,,,,,,
Rudi's Beer,Rudi's Beer,Rudi's Butterfly Cider,"Bright and unexpected, Rudi’s Butterfly Lime Cider blends zesty lime with a hint of floral flair. Brewed with butterfly pea flower, it pours a subtle blush that deepens with citrus - an enchanting visual twist. Lightly tart and ultra-refreshing, it finishes crisp and dry. This is Rudi with a wink - colourful, cool, and cheekily unconventional.",4.2,Cider,,,,,,,,,,,,,,,,,,,
Rudi's Beer,Rudi's Beer,Rudi's Lager,"Sessionable and award-winning, Rudi’s Lager is a super clean, crisp New-World brew featuring Dr Rudi hops – named after the man himself. Nelson Sauvin adds lift and character, striking a bold balance between a firm slap to the face and a warm embrace. Thirst-quenching – bloody refreshing – it’s lager the Rudi’s way: no fuss, all flavour.",5,Lager,,,,,,,,,,,,,,,,,,,
Rudi's Beer,Rudi's Beer,Rudi's Pilsner,"Our award-winning New Zealand Pilsner showcases the distinctive character of local hops, delivering a fuller body with layered flavour. Clean, crisp, and mid-dry – it strikes a perfect balance between subtle malt and the vibrant lift of four NZ hops: Dr Rudi, Motueka, Nelson Sauvin, and Kohatu. A modern classic with a proudly Kiwi soul.",5,Pilsner,,,,,,,,,,,,,,,,,,,
Rudi's Beer,Rudi's Beer,Rudi's IPA,"Rudi’s IPA bursts with bold American Simcoe hops, layered with the unique complexity of New Zealand varieties. Expect vibrant notes of tropical fruit, pine, and a hint of passionfruit. This punchy yet balanced brew finishes lush without overwhelming the palate. A confident, hop-forward IPA that’s refreshingly bold, smooth, and unmistakably Rudi’s.",6.4,IPA,,,,,,,,,,,,,,,,,,,
Rudi's Beer,Rudi's Beer,Rudi's Hazy,"Our Hazy Pale Ale showcases the vibrant character of New Zealand hops in a smooth, juicy pour. Bursting with tropical fruit, citrus, and a touch of white grape – it’s brewed with Dr Rudi, Motueka, Nelson Sauvin, and Kohatu. Soft on the palate with a gentle haze – bold, fruity, and effortlessly drinkable from first sip to last.",6.4,Hazy Pale Ale,,,,,,,,,,,,,,,,,,,
Rudi's Beer,Rudi's Beer,Rudi's Double Hazy,"Unfiltered, and irresistibly juicy - Rudi’s Double Hazy is a bold hop bomb wrapped in velvet. It pours a glowing golden haze crowned with creamy foam. Aromas erupt with mango smoothie, ripe peach, passionfruit, and citrus zest. The mouthfeel is pillowy, thanks to oats and wheat. Saturated yet smooth, it’s Rudi unleashed - cloudy, confident, and dangerously drinkable.",8,Double Hazy,,,,,,,,,,,,,,,,,,,
Scapegrace + Thunderdonk,Scapegrace + Thunderdonk,GIN RADLER,"Gin, Beers Lager Lager, Citrus",7,Cocktail,,,,,,,,,,,,,,,,,,,
Scapegrace + Thunderdonk,Scapegrace + Thunderdonk,WESTERN RUBY,"Spiced Maple, Grapefruit, Lime",7.3,Cocktail,,,,,,,,,,,,,,,,,,,
Scapegrace + Thunderdonk,Scapegrace + Thunderdonk,WHISKY HIGHBALLS,"Anthem
Vanguard",8.3,Cocktail,,,,,,,,,,,,,,,,,,,
Scapegrace + Thunderdonk,Scapegrace + Thunderdonk,TROPICAL PUNCH,"Salted Caramel, Banana, Pineapple, Coconut",8.4,Cocktail,,,,,,,,,,,,,,,,,,,
Scapegrace + Thunderdonk,Scapegrace + Thunderdonk,IMPERIAL COFFEE,"Campfire Coffee, Single Malt, Cold Brew, Milk Stout",8.5,Cocktail,,,,,,,,,,,,,,,,,,,
Scapegrace + Thunderdonk,Scapegrace + Thunderdonk,STONE FRUIT ALE,"Single Malt, Peach, Tea, Ginger Ale",8.6,Cocktail,,,,,,,,,,,,,,,,,,,
Scapegrace + Thunderdonk,Scapegrace + Thunderdonk,GIN & TONICS,Classic / Black / Blood Moon,8.6,Cocktail,,,,,,,,,,,,,,,,,,,
Searchlight Brewing,Searchlight Brewing,Peaches & Cream ,"A light, refreshing sour with juicy peach flavour and a smooth, creamy finish. Softly tart, easy-drinking.",3.7,Sour,,,,,,,,,,,,,,,,,,,
Searchlight Brewing,Searchlight Brewing,Ginger Beer,"Zesty hard ginger beer, little bit sweet, little bit ginger, little bit refreshing.",4,Ginger Beer,,,,,,,,,,,,,,,,,,,
Searchlight Brewing,Searchlight Brewing,Lembas Bread Ale,"Handpull - Inspired by the legendary Lembas bread of Middle-earth, this collaboration with Choice Bros Brewing takes the idea of bread and turns it into beer.
A soft, hazy pale ale with a distinctly bready and biscuit-like character, complemented by a gentle touch of vanilla. Malt-forward and comforting, with a creamy texture and just enough sweetness to evoke the rich, sustaining character of the Elves' famous travelling bread.
A beer made for journeys, adventures, and second breakfasts.",4,Unknown Style,,,,,,,,,,,,,,,,,,,
Searchlight Brewing,Searchlight Brewing,Queenstown Draught,"Golden, glowing, and godlike, this easy-drinking beer is pure Queenstown charm in a pint. Brewed with Nelson Sauvin and Pacific Jade hops, it opens with soft malt, a hint of toffee, and the feeling of morning sunshine over a green pitch. With biscuit notes, subtle bitterness, and a full-bodied “can-do” attitude, Queenstown Draught tastes like weekend sport, mountain air, and local pride refreshment built for legends.",4.5,NZ Draught,,,,,,,,,,,,,,,,,,,
Searchlight Brewing,Searchlight Brewing,Lady of the Lake,"Handpull - Orange marmalade, earthy notes and toffee biscuit with a soft, balanced bitterness.",4.6,ESB,,,,,,,,,,,,,,,,,,,
Searchlight Brewing,Searchlight Brewing,Ella's Escape,"Naturally unfiltered and bright straw in colour, this beer showcases Ella hops with soft citrus and floral aromas. Light and dry on the palate, it delivers gentle grapefruit pith flavours and a smooth, balanced bitterness.",4.8,Low Carb Lager,,,,,,,,,,,,,,,,,,,
Searchlight Brewing,Searchlight Brewing,Champagne Pilsner,"Crisp Pilsner meets brut-style bubbles: bright, bone-dry, and refreshingly sparkling, Using noble German hops and a touch of NZ Riwaka, fermented with lager and wine yeast .",5.9,Pilsner,,,,,,,,,,,,,,,,,,,
Searchlight Brewing,Searchlight Brewing,Plum Sake Stout,"A rich and velvety stout brewed with plum and sake from Zenkuro. Deep roasted malt, dark chocolate and coffee notes meet juicy plum, subtle vanilla and a gentle sake character, finishing smooth, warming and beautifully balanced.",6.2,Plum Sake Stout,,,,,,,,,,,,,,,,,,,
Searchlight Brewing,Searchlight Brewing,John Beer,"A big, juicy hazy packed with Motueka, Riwaka, and Nelson Sauvin hops. Bursting with tropical mango, guava, and citrus aromas, it’s full-bodied, creamy, and loaded with that unmistakable hazy goodness.",6.7,NZ Hazy IPA,,,,,,,,,,,,,,,,,,,
Searchlight Brewing,Searchlight Brewing,Trench Coat,"A bold West Coast IPA bringing together the punchy character of US hops with a bright NZ hop edge. A sturdy malt base gives the beer a rich deep-gold colour and a touch of chewy malt sweetness, providing balance against a firm bitterness and generous hop load. Aromas of ripe stone fruit and dank pine resin lead into a subtle citrus undertone, with the US hops taking centre stage while the NZ varieties add brightness and lift. Full of character, bitter, resinous and built for hop lovers.",7,WCIPA,,,,,,,,,,,,,,,,,,,
Searchlight Brewing,Searchlight Brewing,Stained Glass,"A bold Belgian-style Tripel with a modern hop twist, brewed with Citra, Nelson Sauvin and Hallertau Blanc. Bright, clear and golden with a soft white head, it opens with aromas of citrus, peach and subtle clove. Flavours of citrus, stone fruit and honey follow, supported by classic Belgian fruity esters, gentle spice and a warming character. It finishes dry and clean, with a light, balanced bitterness.",8.6,Abbey Tripel,,,,,,,,,,,,,,,,,,,
Seeker Brewery,Seeker Brewery,Daydream,Aussie style pale ale with a classic passionfruit and citrus flavour.,5,XPA,,,,,,,,,,,,,,,,,,,
Seeker Brewery,Seeker Brewery,Mystic,"Flavours of tropical fruit, coconut with a touch of candy character. ",6.2,Hazy IPA,,,,,,,,,,,,,,,,,,,
Seeker Brewery,Seeker Brewery,Rookie,Bright citrus and pineapple character .,6.8,Hazy IPA,,,,,,,,,,,,,,,,,,,
Seeker Brewery,Seeker Brewery,Veteran,"Complex tropical, white wine and peach notes.",6.8,Hazy IPA,,,,,,,,,,,,,,,,,,,
Seeker Brewery,Seeker Brewery,Belgian Quad,"Dark fruit, fig and raisin with a classic Belgian spice character.",10,Belgian Quad,,,,,,,,,,,,,,,,,,,
Seeker Brewery,Seeker Brewery,Eisbock,Freeze distilled weizen doppelbock to showcase an intense banana malty sweetness with a silky smooth finish. ,10,Freeze-distilled Weizen Doppelbock,,,,,,,,,,,,,,,,,,,
Seeker Brewery,Seeker Brewery,Rum Barrel-aged Stout,"Dark chocolate, rum and vanilla with toasted coconut.",14,Imperial Stout,,,,,,,,,,,,,,,,,,,
Shining Peak Brewing,Shining Peak Brewing,Little Fake XPA,"Far away in England an art forger called James Edward Little specialised in forgeries of Maori and Pacific art, even though he’d never been near our neck of the woods. He fooled a lot of “experts” and consequently Puke Ariki has the biggest collection of Little Fakes in the world.

This session IPA deceives by fronting big Amarillo and Mosaic without the alcohol kick.",2.5,Low Alcohol,,,,,,,,,,,,,,,,,,,
Shining Peak Brewing,Shining Peak Brewing,Rustic Sour,"This Belgian inspired Sour Beer is a blend of two mixed ferment beers, a 12-month Chardonnay barrel–aged ale and a 24-month bourbon barrel–aged ale. After blending, the sour ale was pitched with Brettanomyces yeast and bottle conditioned for four months, adding layers of complexity and funk to the barrel character and balanced sourness. 
 
The finished beer is beautifully complex. Notes from the Chardonnay barrels are clearly present but never overwhelming. Malt character provides balance and length, leading to a moreish, satisfying finish.",5,Oak-Barrel-aged Sour,,,,,,,,,,,,,,,,,,,
Shining Peak Brewing,Shining Peak Brewing,Dicky Barrett's English Bitter,"Dicky Barrett, renowned for being as wide as he was short, became somewhat of a hero around these shores. Lovingly given the moniker Tiki Parete by local iwi, he fought alongside his Māori brothers against the cowbell-ringing enemy from the north.

Legend has it he died from injuries while battling a whale, but other reports state a botched double bypass may have been the cause. In honour of Dicky’s girth, this English Bitter boasts a full body, balanced with herbal Antipodean hops.

Served on Handpull.",5.2,English Special Bitter,,,,,,,,,,,,,,,,,,,
Shining Peak Brewing,Shining Peak Brewing,Bogworks Pilsner,"""Sick as, bruh"" meant something different for New Plymouth's surfers back in the day. It was probably what they were telling their General Practitioner after paddling through the proverbial let go from the town's 'revolutionary' sewerage system installed in 1933. Thankfully, things have been cleaned up since then, allowing for a much more refreshing ocean experience at the surf break known as 'Bogworks', located directly outside our Brewery.

A combination of clean, light malts and crisp Riwaka hops make this New Zealand Pilsner the perfect way to cap off a day catching the big ones.",5.2,NZ Pilsner,,,,,,,,,,,,,,,,,,,
Shining Peak Brewing,Shining Peak Brewing,Magic Dart Pale Ale,"Back in the day, Whare Matangi, estranged son of Ngarue, was given a magic dart, or tara, that would lead him to his father. After a few throws the tara hit Ngarue’s house at the mouth of the river. The place became known as Te Whai-tara uni-a-Ngarue, or Waitara.

Our own Magic Dart aims for an American-style golden ale with a combo of US and kiwi hops combining sweet stonefruit and tropical aromas.",5.3,Pale Ale,,,,,,,,,,,,,,,,,,,
Shining Peak Brewing,Shining Peak Brewing,Skunk Juice Hazy IPA,"The impressive brains in the natural gas industry once came up with a genius solution to a dangerous problem. The problem? Natural gas doesn't have an odour and hazardous leaks were going undetected. The solution? Skunk Juice!

What is Skunk Juice you ask? It's a pungent brew of Sulphide and Methyl Mercaptan that can be smelled almost three kilometres from its source. It pongs so bad, it once shut down the town of Stratford for a whole day!

Our version of Skunk Juice harnesses a hazy chemical brew of Mosaic and Citra hops, that unlike its namesake, gives off a beautiful tropical and citrus aromas, so you'll always know when someone nearby has poured themselves a glass of Skunk Juice!",6.2,Hazy IPA,,,,,,,,,,,,,,,,,,,
Shining Peak Brewing,Shining Peak Brewing,Black Doris Plum Sour Ale - Oak Barrel Aged,"This Belgian inspired Sour Beer is a mix of 12 and 24 month old mixed ferment Oak Barrel Aged Ales rested on crushed Black Doris Plums and then conditioned in bottle with fresh Brettanomyces yeast.

Store upright in the fridge for at least 24 hours before gently decanting.

Limited to 1200 wax dipped and hand labelled bottles, and one festival keg exclusively for Beervana 2026.",6.3,Barrel Aged Sour Ale,,,,,,,,,,,,,,,,,,,
Shining Peak Brewing,Shining Peak Brewing,Raspberry Sour Ale - Oak Barrel Aged,"This Belgian inspired Sour Beer is a mix of 12 and 24 month old mixed ferment, oak barrel aged ales rested on raspberries picked from Windermere Berry Farm in Whanganui, and then conditioned in bottle and keg with fresh Brettanomyces Yeast.

BREWERS NOTES:
We found a blend from four different barrels that we thought would match perfectly to the sweet tang of Raspberry. We blended the beer in tank with the fruit and let it re-ferment for four months before bottling with priming sugar and a fresh pitch of Brettanomyces yeast. The beer itself is earthy, funky and tart with a big fresh punch of the iconic Raspberry, and vivid colour.",6.4,Barrel Aged Sour,,,,,,,,,,,,,,,,,,,
Shining Peak Brewing,Shining Peak Brewing,Flemish Bruin Ale - Oak Barrel Aged,"Smooth, complex, and beautifully balanced, our Flemish Bruin pours a deep mahogany with ruby highlights, crowned by a wispy, off-white head. On the nose, it opens with inviting aromas of dark cherries, dates, and a hint of balsamic, intertwined with gentle oak and a complex earthiness. The malt base boasts notes of caramel and toffee, quickly met by a bright, tangy acidity that adds lift and vibrancy.

A hint of oak lingers in the background thanks to nearly 24 months of careful maturation. The finish is dry, slightly tart, and refreshingly clean, leaving you ready for another sip. Perfect for slow sipping by the fire reading a leather bound dictionary, pairing with rich meats, or matching with aged cheeses.",6.6,Flanders Oud Bruin,,,,,,,,,,,,,,,,,,,
Shining Peak Brewing,Shining Peak Brewing,Bravo! WCIPA,"In 1969, backing the arts in New Plymouth was enough to get you spat on in the street. Then-president of the Operatic Society, John Murphy, copped some ill-directed spray while fighting to save the Opera House from demolition. Thankfully, it wasn’t curtains after all, with Murphy’s efforts helping ensure the Showplace lived on — and continues to host world-class productions to this day.

This West Coast IPA celebrates 100 years of the New Plymouth Operatic Society with a proper ensemble of old-school and modern hops. Pine, citrus and tropical resin take centre stage atop a lean malt base, creating a brew that hits like a standing ovation on closing night. ",6.7,WCIPA,,,,,,,,,,,,,,,,,,,
Shining Peak Brewing,Shining Peak Brewing,Feijoa Sour Ale - Oak Barrel Aged,"This Belgian inspired Sour Beer is a mix of 12 and 24 month old mixed ferment, oak barrel aged ales rested on freshly picked Feijoas from Oakura Farms Orchard on Ahu Ahu Road, and then conditioned in bottle with fresh Brettanomyces Yeast. Store upright in the fridge for at least 24 hours before gently decanting.

Limited to 1200 hand labelled, wax dipped and individually number bottles, plus a limited number of kegs for special events like Beervana 2026.",6.8,Barrel Aged Sour Ale,,,,,,,,,,,,,,,,,,,
Shining Peak Brewing,Shining Peak Brewing,Vintage Stout 2024 - Pōkeno Whisky Barrel Aged,"The 2024 Vintage Stout is the sixth release of our ‘Vintage’ range of yearly Barrel Aged releases.

This Imperial Stout was brewed with a ‘Reiterated’ Double Mashing schedule, in which the second mash is mixed in with high gravity Wort from the first mash. This process allows us to extract a more concentrated sweet Wort, which feeds the yeast to create a higher alcohol brew.

A small addition of dextrose sugar in the fermenter added an extra hit of alcohol which gives this beer a warming balance to the oak tannins. We then decanted the beer into New Zealand Whisky Barrels from Pōkeno Distillery, and left the beer to rest for nine months.

The process of Oak ageing creates a chemical reaction between the wood and the beer, in which flavour compounds such as tannins and vanillins leach into the beer, creating a rounded and complex flavour. By treating the oak barrel as an additional ‘ingredient’ we’ve been able to create this complex and rich brew that is perfect for winter nights, and will also cellar extremely well as it gains complexity with ageing.",11,Barrel Aged Imperial Stout,,,,,,,,,,,,,,,,,,,
Sunshine Brewery,Sunshine Brewery,Gisborne Gold Lager,"A New Zealand legend, easy everyday refreshing lager.",3.8,Lager,,,,,,,,,,,,,,,,,,,
Sunshine Brewery,Sunshine Brewery,Gisborne Black Milk Stout,"A very moreish and drinkable milk stout, with smooth chocolate, rich malt flavours with an underlying milk creaminess. A perfect session worthy stout!",4.5,Milk Stout,,,,,,,,,,,,,,,,,,,
Sunshine Brewery,Sunshine Brewery,Sea Fog Hazy IPA,"This easy-going Hazy Pale Ale is like drinking a bowl of ripe summer fruit. It's packed with soft juicy peach and sweet apricot, rounded out by bright citrus zest. Because it's lighter at 4.9, it feels incredibly approachable and sessionable - perfect for hanging out on the patio. Expect a fluffy, hazy texture and a gentle, fruity sweetness that keeps you coming back for another sip.",4.9,Hazy Pale Ale,,,,,,,,,,,,,,,,,,,
Sunshine Brewery,Sunshine Brewery,Les Hopserables,"A West Coast IPA with a Broadway-sized cast of classic hops. Chinook, Citra, Centennial and Simcoe take centre stage, delivering bright citrus, pine, and dank resin over a crisp, dry finish. Brewed by Sunshine and Three Sisters for the Malthouse WCIPA Challenge, this is a tale of bold bitterness, big aroma and hop redemption. Sing it loud: do you hear the hops sing?",6.5,West Coast IPA,,,,,,,,,,,,,,,,,,,
Sunshine Brewery,Sunshine Brewery,Imperial Brown Ale,"Aged in ex-port and Pinot Noir barrels for 8 months before blending. Hazelnuts, vanilla, and cocoa nib additions blend together with rich caramel, toffee, and chocolate notes imparted by the malts. This beer has been aging at the brewery for 4 years and now shows great nutty, vinous and vanilla notes.",10,Strong Aged Brown Ale,,,,,,,,,,,,,,,,,,,
Te Aro Brewing,Rocky Knob ,Undies Mini IPA,Big on Hops small on Booze. It's a big beer hiding in those undies.,2.5,IPA,,,,,,,,,,,,,,,,,,,
Te Aro Brewing,Rocky Knob ,Ride On,"Crisp, clean, and ultra-refreshing lager
",4,Lager,,,,,,,,,,,,,,,,,,,
Te Aro Brewing,Te Aro Brewing ,Dubh X Oatmeal Milk Stout  ,"Velvety mouthfeel with chocolate and coffee notes.
",5.3,Oatmeal Stout,,,,,,,,,,,,,,,,,,,
Te Aro Brewing,Rocky Knob ,Sin Bin,"Red IPA with a  rich malt character balanced with punchy hop flavour.
",5.5,Red IPA,,,,,,,,,,,,,,,,,,,
Te Aro Brewing,Te Aro Brewing,Brewing Spotlight No IV,Festival Release Once off Pale Ale,5.5,Pale Ale,,,,,,,,,,,,,,,,,,,
Te Aro Brewing,Rocky Knob ,Base Camp,"Tropical fruits and tangerine with a sweet malty base.
",5.7,APA,,,,,,,,,,,,,,,,,,,
Te Aro Brewing,Rocky Knob ,Zipline,Dank and fruity full-bodied IPA.,6,IPA,,,,,,,,,,,,,,,,,,,
Te Aro Brewing,Rocky Knob ,Funk Junk,"Fruit-forward and juicy on a light, sweet malt base.",6,Hazy IPA,,,,,,,,,,,,,,,,,,,
Te Aro Brewing,Rocky Knob ,Snapper Head,"Triple Award Winner. Tropical punch with passionfruit tang.
",7.4,IPA,,,,,,,,,,,,,,,,,,,
The Alchemist Mixology,The Alchemist Mixology,Virgin Lady Mocktail,"Rosehip, Raspberry & lime stirred with ginger beer & topped with a meringue",0,Mocktail,,,,,,,,,,,,,,,,,,,
The Alchemist Mixology,The Alchemist Mixology,Raspberry and Chocolate Brownie,"Rich and velvety — tart raspberry blends into Emerson’s Chocolato Otis, a smooth chocolate oatmeal stout with roasted malt, cocoa, and creamy depth. Like dessert in a glass.",5,Stout Cocktail,,,,,,,,,,,,,,,,,,,
The Alchemist Mixology,The Alchemist Mixology,Tropical IPA,Bright and tropical — passionfruit and lime meet Emerson IPA.,5,IPA Tropical Cocktail,,,,,,,,,,,,,,,,,,,
The Alchemist Mixology,The Alchemist Mixology,Dark n Stormy,"Dark Rum, Lime & Brown sugar mixed with ginger beer for a crisp & refreshing cocktail",5,Ginger beer cocktail,,,,,,,,,,,,,,,,,,,
The Alchemist Mixology,The Alchemist Mixology,Flirty Lady,"Gin, Rosehip, Lime & Ginger beer topped with a meringue! ",5,Ginger beer cocktail,,,,,,,,,,,,,,,,,,,
The Roxy,The Roxy,Fizz Pop and Hop - NON ALC,,0,Beer inspired Cocktail,,,,,,,,,,,,,,,,,,,
The Roxy,The Roxy,Pacific Dark & Stormy NON ALC,,0,Beer inspired Cocktail,,,,,,,,,,,,,,,,,,,
The Roxy,The Roxy,"Monkey Colada a.k.a. Ohh, Ahh, Umaga NON ALC",,0,Beer inspired Cocktail,,,,,,,,,,,,,,,,,,,
The Roxy,The Roxy,Roxy Rosebud NON ALC,,0,Beer inspired Cocktail,,,,,,,,,,,,,,,,,,,
The Roxy,The Roxy,Koko (Espresso) Martini NON ALC,,0,Beer inspired Cocktail,,,,,,,,,,,,,,,,,,,
The Roxy,The Roxy,The Bling Blossom NON ALC,,0,Beer inspired Cocktail,,,,,,,,,,,,,,,,,,,
The Roxy,The Roxy,Fizz Pop and Hop,"Ingredients:
* VAI Vodka
* Lemongrass syrup
* Cranberry juice
* Lemon/Lime Juice
* Mango hop foam
* The most Instagrammable/TikTok-worthy cocktail you will see at Beervana . Flavours that are zingy, hoppy, sweet, and balanced citrusy that it'll make your mind POP . Also available ‘guilt free’ (non-alc) in case you’ve had too many beersie.",3.9,Beer inspired Cocktail,,,,,,,,,,,,,,,,,,,
The Roxy,The Roxy,Pacific Dark & Stormy,"Ingredients:
* Dancing Sands Coconut & Vanilla Rum
* Ginger Hop Soda
* Lemon
* Angostura Bitters
* Ginger and spice and everything nice with a good splash of Dancing Sands Coconut & Vanilla Rum . Having the Pacific Dark & Stormy 'guilt free' (non-alc) is just as delicious .",3.9,Beer inspired Cocktail,,,,,,,,,,,,,,,,,,,
The Roxy,The Roxy,"Monkey Colada a.k.a. Ohh, Ahh, Umaga","Ingredients:
* Dancing Sands Coconut & Vanilla Rum
* Coconut Water
* Coconut Milk
* Coconut syrup
* Spiced Pineapple and Hop Juice
* If you can't escape to Fiji for a holiday, then we will bring the holiday in Fiji to you, but in your cup . Creamy, smooth, fruity and fresh, just what you need after another heavy hopped IPA . Also available ‘guilt free’ (non-alc) in case you are the responsible adult .",3.9,Beer inspired Cocktail,,,,,,,,,,,,,,,,,,,
The Roxy,The Roxy,Roxy Rosebud ,"Ingredients:
* VAI Vodka
* Cranberry and Pineapple juice
* Passionfruit
* Lemon Juice
* Vanilla Green bullet (hop) syrup
* It's a ROSEBUD made by the #RW team from ROXY and infused with HOPS , literally the most delicious non-beer beverage your palate will enjoy. Only thing that could be better is fried chicken... unless you’re vegetarian . Also available ‘guilt free’ (non-alc) in case your Beervana allowance is running low .",3.9,Beer inspired Cocktail,,,,,,,,,,,,,,,,,,,
The Roxy,The Roxy,Koko (Espresso) Martini ,"Ingredients:
* VAI Vodka
* Koko Samoa
* Koko Liqueur
* Green bullet (hop) syrup
* Chocolate-drizzled marshmallows (garnish)
* Consider your standard espresso martini officially retired. We brought the real deal straight from Samoa, teaming up authentic Koko Samoa and Koko Liqueur with VAI Vodka . Finished with chocolate-drizzled marshmallows, this is sweet, rich, and straight-up paradise in a glass .",3.9,Beer inspired Cocktail,,,,,,,,,,,,,,,,,,,
The Roxy,The Roxy,The Bling Blossom,"Ingredients:
* VAI Vodka
* Sparkling Fresh Green Apple hoppy Juice
* Lime
* Triple Berry bubbles
* Bling Bling Coaster
* Get ready to glow! This bad boy mixes VAI vodka with zingy sparkling green apple and a splash of lime . Topped with fluffy, vibrant triple berry bubbles, it's basically a party in a glass . Oh, and did we mention it sits on a Bling Bling Coaster that lights up?! Seriously insta-worthy, super refreshing, and just a whole lotta fun . Wanna keep it chill? Grab the non-alc version!",3.9,Beer inspired Cocktail,,,,,,,,,,,,,,,,,,,
Three Sisters Brewery,Three Sisters Brewery,Oakura Blonde,"Life should be easy, and so should drinking beer. It doesn’t come much easier than this Blonde Ale. Pilsner and wheat malt base, lightly hopped and American Ale yeast used to keep it clean and fresh. Kick back and enjoy!",4.8,Blonde Ale,,,,,,,,,,,,,,,,,,,
Three Sisters Brewery,Three Sisters Brewery,Dragon Fruit Smoothie,coming soon...,5.5,Smoothie Sour,,,,,,,,,,,,,,,,,,,
Three Sisters Brewery,Three Sisters Brewery,Big Pink Energy,Coming soon...,5.5,Watermelon and Passionfruit Ice Cream Smoothie Sour,,,,,,,,,,,,,,,,,,,
Three Sisters Brewery,Three Sisters Brewery,Papaya Don't Preach,Coming soon...,5.5,"Papaya, Coconut, Mango Ice Cream Smoothie Sour",,,,,,,,,,,,,,,,,,,
Three Sisters Brewery,Three Sisters Brewery,Fuzzy Panda,"A juicy Hazy Pale Ale with Cryo Mosaic, Citra, and Motueka, double dry hopped, Maris Otter malt base with oats and wheat…things might get fuzzy!",5.8,Hazy Pale Ale,,,,,,,,,,,,,,,,,,,
Three Sisters Brewery,Three Sisters Brewery,Rain In The Face,"One of the original beers to come out of Three Sisters and the start of the journey. Big in your face American Pale Ale, double dry hopped, Chinook and Simcoe come together on a generous base of Maris Otter malts. ",6.5,American Pale Ale,,,,,,,,,,,,,,,,,,,
Three Sisters Brewery,Three Sisters Brewery,So Much Noise,"A big, bold beer that's citrusy with lime and grapefruit notes.  It's mildly sweet and full-bodied with a juicy, fruity finish.  Strong but surprisingly drinkable for its size.",10.5,Triple Hazy IPA,,,,,,,,,,,,,,,,,,,
Tuatara Brewery,Tuatara Brewery,Regenerate Pilsner,,5,Pilsner,,,,,,,,,,,,,,,,,,,
Tuatara Brewery,Tuatara Brewery,Yuzu Hazy,,5.5,Pale Ale,,,,,,,,,,,,,,,,,,,
Tuatara Brewery,Tuatara Brewery,Hazy IPA,,5.7,Hazy IPA,,,,,,,,,,,,,,,,,,,
Tuatara Brewery,Tuatara Brewery,Interstellar IPA,,6.1,IPA,,,,,,,,,,,,,,,,,,,
Tuatara Brewery,Tuatara Brewery,Plum Baltic Porter,,7.5,Baltic Porter,,,,,,,,,,,,,,,,,,,
Tuatara Brewery,Tuatara Brewery,Nitro Espresso Stoutini,,8.2,,,,,,,,,,,,,,,,,,,,
Urbanaut,Urbanaut,Little Rock non-alc IPA,,0.5,Non-Alc IPA,,,,,,,,,,,,,,,,,,,
Urbanaut,Urbanaut,SLUSHIE Raspberry Sour,,3.8,SLUSHIE,,,,,,,,,,,,,,,,,,,
Urbanaut,Urbanaut,Kingsland Reaper,,4.5,chilli pilsner,,,,,,,,,,,,,,,,,,,
Urbanaut,Urbanaut,SLUSHIE Lemonade & Pickle Sour,,4.5,SLUSHIE,,,,,,,,,,,,,,,,,,,
Urbanaut,Urbanaut,Yuzu Miami Lager,,5,Yuzu Lager,,,,,,,,,,,,,,,,,,,
Urbanaut,Urbanaut,Raspberry Wheat Beer,,5.5,Raspberry Wheat Beer,,,,,,,,,,,,,,,,,,,
Urbanaut,Urbanaut,Calamansi Hazy IPA,,5.7,Hazy IPA,,,,,,,,,,,,,,,,,,,
Urbanaut,Urbanaut,Karma Cola Sour,official collab ,6,Cola Sour,,,,,,,,,,,,,,,,,,,
Urbanaut,Urbanaut,Salted Caramel Stout,,6,Salted Caramel Stout,,,,,,,,,,,,,,,,,,,
Urbanaut,Urbanaut,Time Warp WCIPA,,6.3,West Coast IPA,,,,,,,,,,,,,,,,,,,
Yellow Monkey Brewing,Yellow Monkey Brewing,KAIZOKU,"A bold lager that captures the essence of Japanese ""umami"". Inspired by the clarity and refinement of Japanese cuisine, this lager delivers a light, smooth drinking experience with a deep sense of umami.",4.5,Japanese Umami Lager,,,,,,,,,,,,,,,,,,,
Yellow Monkey Brewing,Yellow Monkey Brewing,TORIAEZU,"Featuring the fresh and vibrant aroma of NZ Riwaka hops, the refined character of sake yeast, and the rich umami of traditional Japanese ingredients such as Kombu kelp, Shiitake mushroom, and bonito flakes bring depth and lasting complexity. ",5.5,Sake Yeast IPA,,,,,,,,,,,,,,,,,,,
Yellow Monkey Brewing,Yellow Monkey Brewing,GOHOBI IPA,"Brewed in Japan by Japanese brewer Kengo Saito, who learned his craft here in Wellington, this NZ IPA is a homecoming of sorts.
Bright and citrus-forward, with vibrant aromas of orange and grapefruit layered over the fresh, green character of New Zealand hops. Tropical yeast notes add depth, leading to a flavorful, refreshing IPA with a clean and satisfying finish.
Born from Kengo’s time in Wellington, brewed in Yokohama, and now back in New Zealand.",6,NZ IPA,,,,,,,,,,,,,,,,,,,
Yellow Monkey Brewing,Yellow Monkey Brewing,ChaChaCha,"Captured the delicate ""umami"" of Japanese green tea in a beer. Blending three carefully selected teas and using an optimal cold-steeping method, we bring out deep umami and a lingering finish. Brewed clean and simple, with gentle malt and hops that elevate the elegance of the tea. Japanese green tea takes the spotlight.",6,Japanese Green Tea Beer,,,,,,,,,,,,,,,,,,,
Yellow Monkey Brewing,Yellow Monkey Brewing,UTSUROI,"UTSUROI deliberately brings the ginjo-like aromatics of sake yeast to the forefront. The aroma is reminiscent of Japanese sake, with expressive notes of ripe melon and pear. 
Rice koji, polished rice bran, and wasanbon sugar contribute soft, layered umami, giving the beer a delicate yet complex depth. To further explore umami as a defining element of Japanese food culture, we also used Kombu kelp, bonito flakes, and Shiitake mushrooms.
The result is a clean, refined beer with a quiet, savoury finish that continues to unfold long after each sip.",8,Japanese Style Strong Ale,,,,,,,,,,,,,,,,,,,
Yellow Monkey Brewing,Yellow Monkey Brewing,Barrel Aged Imperial IPA,"An Imperial IPA brewed with generous New Zealand malts, then aged for 18 months in Chardonnay barrels from INVIVO Winery. Elegant barrel aromatics, delicate acidity, and rounded richness come together in layered harmony. ",9.5,Barrel Aged IPA,,,,,,,,,,,,,,,,,,,
